date,price,marketing_spend,competitor_price,day_of_week,is_weekend,sales
2024-01-01,104.96714153011233,1669.930329036279,103.42109614486301,0,0,1118.5589465335304
2024-01-02,99.14340425083597,1418.271361337601,95.38262222288306,1,0,1078.7344944195936
2024-01-03,107.52882719941516,3545.720998174547,109.12469975151106,2,0,1316.708404044915
2024-01-04,116.8078295701625,3825.9029059476047,123.51008180027821,3,0,1358.045962460134
2024-01-05,99.76112850720082,1126.344579302568,90.3852661589721,4,0,1142.8636742076333
2024-01-06,100.28581355834818,4744.848984974759,100.86094395408527,5,1,1496.0421187253635
2024-01-07,118.94306952636926,1207.8851346058896,118.14240554853606,6,1,1112.2524833006787
2024-01-08,111.3481322469996,3165.185341204282,114.70483262925192,0,0,1247.4873541840634
2024-01-09,99.50081826234847,3836.242077803666,100.56680140353691,1,0,1383.0506127369308
2024-01-10,110.14172186274031,4483.876494984343,106.38187520404621,2,0,1385.682774063413
2024-01-11,100.60113486018136,3856.3477285297113,99.00586518184826,3,0,1413.0888937946684
2024-01-12,101.09568499265139,4206.9123322791675,97.11555570863393,4,0,1329.2065386459085
2024-01-13,108.6886061347452,2357.800770171224,114.06864182773819,5,1,1250.421381125009
2024-01-14,87.6503622801165,4259.300454986049,87.75692052347621,6,1,1515.684687897959
2024-01-15,90.04619893069197,1320.4593855387006,99.55215235945701,0,0,1161.1452665086113
2024-01-16,102.18259710129148,4579.266624242111,101.87929303221837,1,0,1588.213151420653
2024-01-17,98.18499095078984,3190.369504614945,94.64295711623753,2,0,1340.1569697883103
2024-01-18,111.96119254723828,4269.191079849975,104.39262058417415,3,0,1352.7939930484204
2024-01-19,100.2413362380628,2809.2731380732002,91.22563785678308,4,0,1275.6714289767408
2024-01-20,95.69869261220522,3574.3107807860997,87.77801289717777,5,1,1327.221376180877
2024-01-21,124.97551976330108,3105.610643744453,126.3111530183585,6,1,1306.5800373830052
2024-01-22,108.55557713335729,3926.3580870213273,111.09920224950696,0,0,1333.8718515853802
2024-01-23,111.97979255030073,1326.5199281223584,104.07383904014006,1,0,1154.4619214896425
2024-01-24,97.54491892149521,1241.4083359622553,102.02011049187578,2,0,1101.5739820234585
2024-01-25,106.83304231817318,1988.412936040586,104.41773705975599,3,0,1179.33691317795
2024-01-26,113.86700233696052,1638.1787204527534,114.60096739688827,4,0,1104.3059753011341
2024-01-27,101.72504628979632,4487.1342663688065,109.78614943107345,5,1,1582.2059016499547
2024-01-28,117.46532836569344,1876.855949432177,121.9495249450211,6,1,1186.6927999059353
2024-01-29,108.17135077783671,4903.461023276525,106.82869753830755,0,0,1565.6312529459392
2024-01-30,111.72607710970826,2347.5831670844273,107.27011598263182,1,0,1252.0137505949394
2024-01-31,109.08697812802313,1728.471662754797,98.32790112137661,2,0,1178.7765463862029
2024-02-01,134.08347498321476,4158.794028569917,130.48770838700267,3,0,1366.1491102564382
2024-02-02,115.87785685309464,3634.8311020035044,114.82220565895616,4,0,1351.4172614049737
2024-02-03,105.88321201265944,2992.782865812556,100.94731437690352,5,1,1241.1282335886563
2024-02-04,125.12848940340953,3221.454203750525,124.47220456794801,6,1,1307.9442718606956
2024-02-05,105.13242149273336,3876.8071130890553,105.5166809075272,0,0,1419.673766882655
2024-02-06,119.86228378432051,1913.8189653251948,118.73800387528011,1,0,1149.2124697901731
2024-02-07,98.60458345875173,4985.335664226968,95.35457055463444,2,0,1431.0649071650148
2024-02-08,105.34178450782197,4899.172648587133,106.18505786765562,3,0,1476.613473314196
2024-02-09,121.00921906668766,3601.3027453877476,123.21892231453471,4,0,1403.317112218174
2024-02-10,126.83671520455641,1798.1698037165806,121.38471981734219,5,1,1238.4881357392812
2024-02-11,121.57153710517106,3720.912969725165,128.6261990039024,6,1,1375.8480222938729
2024-02-12,119.10142142508676,1288.7936359167034,118.60848076366544,0,0,1138.2489845944012
2024-02-13,117.6410468937456,1122.6100088232242,117.73529500846983,1,0,1058.6535560764285
2024-02-14,106.25505950668037,2030.7315540448546,109.79613162296316,2,0,1105.369457049789
2024-02-15,114.2239369330196,2850.4918269572654,115.3900175893371,3,0,1210.3780094232095
2024-02-16,117.19188484961659,4473.090021633522,121.95756801918282,4,0,1491.0696708895289
2024-02-17,132.7390740255013,3908.676279065232,134.17469485151042,5,1,1361.6898257640555
2024-02-18,125.96719311967284,3970.826084799924,122.90500624647065,6,1,1382.9790232718958
2024-02-19,105.25724188234504,2701.973337792301,107.06475950837554,0,0,1244.690940200796
2024-02-20,126.47848851886836,2383.7399701878517,120.75985748226505,1,0,1280.623849459699
2024-02-21,119.7301029736044,2484.155051938411,120.27290150248702,2,0,1290.2532450147355
2024-02-22,117.14815566944195,4950.5982549442315,116.98200571621965,3,0,1571.702525827946
2024-02-23,130.3636647957551,1160.4367656499298,129.3230805093924,4,0,1047.3640864534802
2024-02-24,134.87940515430822,4468.125984489794,134.23671759711357,5,1,1441.8350125777176
2024-02-25,134.19760845351885,3314.7016342895736,124.78836322603065,6,1,1237.2428190508801
2024-02-26,116.80082830216027,2754.461676758362,114.05720376345546,0,0,1315.6912323774293
2024-02-27,122.40178674585158,3901.030641660546,122.86601125155715,1,0,1286.9105131109545
2024-02-28,129.10007640227104,2946.675765698811,129.89935836225806,2,0,1247.3062019534705
2024-02-29,135.82896565566801,4493.692952326643,130.69058995103822,3,0,1322.846237539686
2024-03-01,121.56030332030386,4602.807456045034,127.88884252462736,4,0,1387.716797626961
2024-03-02,124.76636680179809,2686.883707493822,120.43549256072558,5,1,1227.292515593301
2024-03-03,115.82282004569862,2107.311188940206,120.6701060483323,6,1,1198.6917157688324
2024-03-04,115.1795441800532,3369.4013143734487,117.31551598941162,0,0,1279.6249079197896
2024-03-05,135.51446406784862,4649.453382466763,132.28332751862962,1,0,1366.5029703647253
2024-03-06,141.191286032299,1842.6487560226665,150.06784049534656,2,0,1143.5489991266838
2024-03-07,127.1404809471306,3491.866334253931,121.17229678834819,3,0,1239.662531878006
2024-03-08,138.11955846832007,3526.2408803700823,142.71532933637008,4,0,1287.4120424510616
2024-03-09,131.9161247547836,3932.452089661124,136.9190363449985,5,1,1440.310917071823
2024-03-10,122.05592884048737,1526.2707405090391,118.70282779510414,6,1,1132.8553981442594
2024-03-11,132.32021278862177,3863.299858728354,139.2825392889434,0,0,1285.793615758212
2024-03-12,144.27746524325158,4636.130082662564,143.0272326702568,1,0,1363.5318465207406
2024-03-13,128.72134101629445,1718.732435480968,130.16480916269373,2,0,1173.4168219335434
2024-03-14,144.9001477320176,1950.1732996955107,146.2017569258737,3,0,1114.922416053184
2024-03-15,103.22192927442484,4885.580376166558,102.5503855670721,4,0,1455.5534643374262
2024-03-16,137.79558781047717,1723.907810837959,141.8496291762761,5,1,1170.9934380222435
2024-03-17,130.5956856568118,4417.540373478317,134.56312925957286,6,1,1375.448058542387
2024-03-18,126.87522240436016,2969.111425792139,118.13256253816925,0,0,1277.2286732926411
2024-03-19,130.91437484280482,1988.9242976127082,137.43607605719558,1,0,1157.4940454607495
2024-03-20,110.24390338844101,4482.999605090045,101.93144344826264,2,0,1412.4217301751785
2024-03-21,128.03702001477623,2781.221020010662,133.1997510364845,3,0,1180.1187720491523
2024-03-22,133.91030105008846,3059.2694157187607,139.54382673422637,4,0,1193.7722933575262
2024-03-23,145.21481406614544,2436.933477599063,139.75998191506943,5,1,1230.004586444911
2024-03-24,125.34110590627567,3371.80340573971,123.28703446650275,6,1,1397.9471538858727
2024-03-25,122.51801965482119,1654.0954903400911,116.98949631239151,0,0,1088.5081223729271
2024-03-26,125.65572550522188,2564.3261466070426,124.5811203537782,1,0,1228.0404988278347
2024-03-27,139.88883218232252,4877.6492893411505,138.3486607613938,2,0,1303.6359136393664
2024-03-28,134.07499672891717,2032.5337308045102,137.97329939026386,3,0,1105.8724930897565
2024-03-29,125.53370515634387,3626.9466581651686,132.0852488869419,4,0,1310.074308860284
2024-03-30,135.9989400131728,2300.7602568987795,142.9773590671226,5,1,1162.5939748144406
2024-03-31,131.8631292042576,4093.8925027464024,129.0522890713661,6,1,1348.8376731266453
2024-04-01,140.59601642485046,1523.4946428733992,139.54990705612784,0,0,1037.7684536141946
2024-04-02,123.89737103511264,4879.284180314178,115.48018007400789,1,0,1454.743312377511
2024-04-03,127.64073910045919,2815.158165534557,123.61138876797824,2,0,1216.8678874322186
2024-04-04,126.98686388522415,1944.2018533858559,131.81112205071145,3,0,1028.5348959018886
2024-04-05,116.25451278814678,1293.9869893200507,124.33242690588794,4,0,990.8546657239582
2024-04-06,133.82372226528756,1679.031620350163,127.65197790588795,5,1,1119.9124586115825
2024-04-07,133.43708080501077,3079.0957942240707,130.4747595092463,6,1,1313.9197471150633
2024-04-08,130.8328362112014,2348.012705725145,130.70080742640675,0,0,1035.76035601385
2024-04-09,128.3821850696103,4315.533463530438,129.78299086370833,1,0,1349.802467406242
2024-04-10,116.51190377211351,2723.550094647224,112.46388617250528,2,0,1213.0188090946244
2024-04-11,126.38793422259427,1994.8570903505197,128.50823944491472,3,0,1216.1267295002858
2024-04-12,127.08726404639681,3468.57994641612,124.71806731104223,4,0,1273.4323759631752
2024-04-13,122.40293041065979,3827.108867541783,122.33066905626839,5,1,1407.0544751699051
2024-04-14,128.71544121594786,1668.1676316037995,131.44686245596637,6,1,1166.4487377328574
2024-04-15,134.26273525180528,1670.4768651532706,134.29484660085998,0,0,991.9938920213564
2024-04-16,148.96938151560545,1146.685707734172,146.78745206297262,1,0,1055.140168573793
2024-04-17,131.73000082242032,3945.608060262562,131.18195180279116,2,0,1341.87062965423
2024-04-18,132.42787060825103,3655.21811048722,131.98605581222435,3,0,1326.0795018159492
2024-04-19,128.96753734407346,2898.5235029992555,127.11748219466283,4,0,1428.229160933595
2024-04-20,110.37544444020799,4376.681795876788,109.08146412687248,5,1,1362.7116437323336
2024-04-21,129.14075522420546,4222.680611800213,137.13399107672905,6,1,1500.2213832196658
2024-04-22,129.8425602533416,3341.417457587009,132.64715749304779,0,0,1260.0842492819997
2024-04-23,153.69872221721872,4473.085122053035,152.2213206270729,1,0,1354.2775129910165
2024-04-24,126.96046758204405,1823.364840147073,130.44523960459773,2,0,1126.139936585557
2024-04-25,131.7091168718692,1447.6784775909114,130.04001942308918,3,0,1060.1377973454505
2024-04-26,128.1479413629275,2078.9984460679584,134.0135645508607,4,0,1123.112315469003
2024-04-27,116.60160541147671,1228.3474243572593,118.44981637246718,5,1,1156.106968391423
2024-04-28,139.50191589386694,3124.6781120041283,138.9654051738458,6,1,1207.605294579095
2024-04-29,135.3703617617465,4746.422769179846,137.60894639079788,0,0,1441.4305117705799
2024-04-30,135.5308051633349,1157.3741626740386,127.6764244029924,1,0,1023.8660856964714
2024-05-01,118.28824715620145,1488.4396560401071,112.65440981165243,2,0,1055.76400433959
2024-05-02,141.16395607287305,2808.796113133741,135.19433104087778,3,0,1176.0510562678376
2024-05-03,112.86372462976799,4735.50007011162,113.57844010358652,4,0,1510.6800185947545
2024-05-04,132.4894375807547,2264.624419907002,141.15201257818015,5,1,1184.7168124783796
2024-05-05,148.25654367913455,3028.9392347535695,159.4130444100977,6,1,1274.303517027569
2024-05-06,116.1703168660806,1166.2914362015683,119.36057237328438,0,0,1047.7406961022218
2024-05-07,120.12905215871984,1593.3728038483555,122.63327453344213,1,0,1156.9752685635767
2024-05-08,126.49763597994688,4946.5204918353875,117.49234730918319,2,0,1475.932164163155
2024-05-09,120.16829124245383,4860.474785744182,117.45492224378373,3,0,1538.141337754331
2024-05-10,109.39126267193673,1019.7599237376385,105.45234391239553,4,0,1074.4152697549296
2024-05-11,125.27139293226975,4807.247141692956,122.16715494101416,5,1,1513.6146685426515
2024-05-12,113.64370457576263,3556.4797512620016,112.80298548283868,6,1,1383.263942951622
2024-05-13,128.67685423813924,4471.673178080088,126.3164013496536,0,0,1454.607198424881
2024-05-14,114.41418487027144,2818.9594225354367,104.51768581839251,1,0,1217.1259531325643
2024-05-15,138.76867895773015,3062.384114317001,142.50823023831782,2,0,1265.951319160104
2024-05-16,115.09122339529034,2955.3863210276804,109.72750826659131,3,0,1255.6213205063532
2024-05-17,119.35118150527171,3667.4570301844174,120.54741582582746,4,0,1324.8339311524733
2024-05-18,130.348735236963,1558.6050190252517,140.71914858571287,5,1,1149.750655651018
2024-05-19,109.54052130837435,1119.8943594907118,104.94359835044223,6,1,1155.5204131536564
2024-05-20,123.75331103227897,2231.719766364764,111.10187341854733,0,0,1169.8539024158206
2024-05-21,134.17374482876244,3818.7230509465867,132.7437237193619,1,0,1324.26047459566
2024-05-22,104.64526326652246,1807.4138084917936,110.15006144151532,2,0,1250.3567571942435
2024-05-23,122.1785013148541,3693.729733299669,131.97023858595708,3,0,1374.2884549810196
2024-05-24,122.53746433535338,4879.648184429082,116.3897163630913,4,0,1486.3476193970464
2024-05-25,127.35786472985724,1375.6028631576735,129.84136084603986,5,1,1110.0675805548592
2024-05-26,106.76577550818807,3690.4084729005053,104.4392232242878,6,1,1361.0472548622581
2024-05-27,105.52113269051657,2775.0008772182846,104.99139091899589,0,0,1314.2228502526832
2024-05-28,123.53042444301998,4472.569017510021,136.75214117810515,1,0,1443.998392491452
2024-05-29,120.86118491838968,1708.5991577895436,113.34633327641392,2,0,1202.7710797297243
2024-05-30,119.97174266888193,3770.503808904658,121.24044097635479,3,0,1306.9078642542406
2024-05-31,120.50204740256542,4352.461158592441,122.84051326139259,4,0,1382.764588286096
2024-06-01,109.80347437759423,4778.456877896093,115.23240600229096,5,1,1426.2645309081493
2024-06-02,118.48795133487941,3732.9921131585834,118.97786710223389,6,1,1366.6997533430558
2024-06-03,118.65350101157514,2988.699056033709,120.19375370909566,0,0,1311.3914291091928
2024-06-04,108.13242710196384,3471.3889608048553,106.17418426485489,1,0,1307.5492729151479
2024-06-05,133.48278967045974,4475.619937914873,134.82842437668526,2,0,1412.620404210609
2024-06-06,119.10855170481562,3282.438986555319,117.39259032732858,3,0,1280.5016399460103
2024-06-07,101.99857766858456,1121.5482387873474,105.10643711786481,4,0,1124.3605199526435
2024-06-08,120.01488974928576,4723.794782027911,118.16683806906758,5,1,1424.9651292134363
2024-06-09,103.23676860946311,3758.1070041262446,105.12227057897404,6,1,1423.5976356753933
2024-06-10,120.3852944119117,3706.053543108986,120.23898034348682,0,0,1180.2779669420393
2024-06-11,123.62804042560236,1862.7006095908687,129.2582916794632,1,0,1129.669172199783
2024-06-12,103.35981365053348,3635.541880930629,103.10284503259105,2,0,1275.3108986062389
2024-06-13,120.72200991431177,2575.4576226166337,111.85684757327736,3,0,1276.4014682603806
2024-06-14,114.73487379027658,3604.9319081659683,121.04448129384654,4,0,1369.8938108742693
2024-06-15,118.34383148040249,1426.3721212319629,113.8151699760894,5,1,1179.2830982606954
2024-06-16,128.60482066066115,3631.3812184121443,125.33598896741705,6,1,1431.978791877861
2024-06-17,106.69431309658428,4997.654903082666,103.71600662636682,0,0,1438.9310380738564
2024-06-18,101.1199260766972,1192.8481554422242,107.99211654255129,1,0,1204.413123286606
2024-06-19,99.26917515514667,4908.696736885269,88.5908040852532,2,0,1538.940901591253
2024-06-20,99.51133543675074,2627.6318428914824,115.20007810505071,3,0,1251.9127490546994
2024-06-21,106.40177653360024,4483.013801349036,111.6820605789305,4,0,1492.2788344268504
2024-06-22,110.08605514788239,4129.541936233094,111.2022497185282,5,1,1387.4674077069628
2024-06-23,108.94172199741612,3268.0650439466713,108.66725199433469,6,1,1317.6973523234512
2024-06-24,113.94561276606301,3953.796837005306,115.3733831403513,0,0,1337.0589720064195
2024-06-25,105.30160435635756,4514.062245205392,107.90721649825424,1,0,1414.3541304046232
2024-06-26,119.20372182800926,2616.561286604132,122.42979975775955,2,0,1170.420802866382
2024-06-27,101.51775066532909,2308.132646252955,104.29577299534633,3,0,1288.9319166494035
2024-06-28,130.86124304652594,3670.3735422543386,131.3091464528022,4,0,1292.3721481138903
2024-06-29,109.41090401086922,4231.3837677650345,108.42421190933258,5,1,1471.941817172609
2024-06-30,94.0769333830435,4049.140539106463,93.32056696477594,6,1,1438.2426188238753
2024-07-01,91.43361425229453,4191.254595434538,90.45907285053113,0,0,1345.2280660114388
2024-07-02,106.46119822648869,2742.3332592517318,112.13004871082401,1,0,1274.813797391767
2024-07-03,98.89583832938455,4271.336864700086,101.86362194078886,2,0,1333.7292610402505
2024-07-04,107.76467319462203,1480.8362214824338,93.06273002130064,3,0,1129.1225734547259
2024-07-05,104.85160916587203,3177.9563918433983,108.13111304852085,4,0,1239.6766689109552
2024-07-06,98.88602358098852,1023.0346419924863,99.8597045545824,5,1,1253.895216998812
2024-07-07,90.64212280845422,2298.343319601081,90.54857902622473,6,1,1344.1182224519357
2024-07-08,83.45815469367389,2465.8461394855913,81.51556242822946,0,0,1284.9559941247853
2024-07-09,93.6390159741693,2584.6907664370215,99.25957957409936,1,0,1334.376378578097
2024-07-10,106.16681524088038,3781.868826759449,110.90444755149467,2,0,1323.5374533208972
2024-07-11,99.24370110345222,2554.232405081383,95.37931276433417,3,0,1284.1098072347386
2024-07-12,84.14673773726908,2794.774490490123,86.18199917289175,4,0,1321.17449526041
2024-07-13,97.83887265708195,1950.17652349731,92.98058898437552,5,1,1262.5409111022507
2024-07-14,99.46490112982298,2493.00716651736,92.56681030587832,6,1,1363.9885893974285
2024-07-15,86.27969250134308,1909.078509052606,83.14610637839326,0,0,1254.9730710415645
2024-07-16,96.16408203253751,1292.7836950737747,100.47604939445131,1,0,1151.3863885835535
2024-07-17,94.71965522912532,3413.7943735255117,99.48528045600575,2,0,1269.1957550828856
2024-07-18,82.22092283973038,3672.851194220065,84.78634994021684,3,0,1354.8409589785726
2024-07-19,96.74402494987879,3477.961384038458,100.36950388411877,4,0,1348.172641824302
2024-07-20,98.29213621637723,2853.9761752022896,100.87302765195203,5,1,1343.481963801307
2024-07-21,103.03570261808991,2519.143120716919,99.82829464197515,6,1,1239.332720601816
2024-07-22,102.26701430045739,4453.334598287302,104.4266270238271,0,0,1561.3832650067363
2024-07-23,77.47915192777639,3076.3271405448722,81.48119955391479,1,0,1428.4941129616132
2024-07-24,81.40763824022017,2916.7275105189237,85.17909488928804,2,0,1358.9633905910762
2024-07-25,95.46961757525581,1102.5682632257428,101.41418443262903,3,0,1122.91943423625
2024-07-26,94.99397494849454,2364.9913105046253,98.53549418449985,4,0,1235.9007326584158
2024-07-27,94.54705712358017,2520.782475143428,96.30429816128809,5,1,1265.3882102660707
2024-07-28,127.46811321617164,2595.2911235876018,132.81886440775378,6,1,1258.46691185236
2024-07-29,94.19781252599134,3320.689476909329,94.06520622974604,0,0,1356.5609496460877
2024-07-30,99.39670067157704,3134.410186907514,94.98732741543844,1,0,1252.559588573516
2024-07-31,97.13736198576275,3431.6203711737785,96.32202716604394,2,0,1365.5961340080971
2024-08-01,93.67185443240203,4059.533046168513,89.94734120836978,3,0,1410.8466433108097
2024-08-02,83.57027751431723,4251.942954864374,80.19438613944531,4,0,1362.6633625639333
2024-08-03,93.88225235425479,3872.4923049059776,93.1596590006772,5,1,1406.4654752431131
2024-08-04,78.13859066412132,4822.094783819739,74.17649105912152,6,1,1555.2520203826489
2024-08-05,83.07776080961624,1072.9303307054465,81.53795316142103,0,0,1235.5218943183215
2024-08-06,80.17636438262781,1783.1119427341844,70.70829104785888,1,0,1245.786121734851
2024-08-07,85.4378691996427,1030.2514999125685,86.5043377365074,2,0,1065.3753331369767
2024-08-08,107.36004092114561,3589.898856618412,107.36606829795673,3,0,1368.571618290432
2024-08-09,65.14045328509002,4592.122195799948,61.055010129749064,4,0,1451.5661135628966
2024-08-10,90.28080100849523,1973.9291863051972,93.57702935065726,5,1,1320.965869307883
2024-08-11,66.90169804197298,4708.138179185226,71.58954873010578,6,1,1563.454189243683
2024-08-12,77.92587767229776,1241.0695611582435,69.88807835045289,0,0,1163.5733913342704
2024-08-13,93.15684029384434,4737.744107222057,89.34321640101327,1,0,1553.7505625116266
2024-08-14,82.53818570136757,2406.4907489585376,78.69247395243107,2,0,1211.2145250639062
2024-08-15,70.75201513442474,1405.683313796866,66.05249962888041,3,0,1129.2083918551878
2024-08-16,74.01664068302995,2943.4870367453022,78.16401489268868,4,0,1317.1354559911701
2024-08-17,87.61211701086684,2027.1062708820318,86.64298631700282,5,1,1329.4053356174352
2024-08-18,73.16528941103593,2139.4916078476913,71.84271520448287,6,1,1241.6512781888553
2024-08-19,82.29281798794203,2229.159859705146,72.27350616590826,0,0,1116.7225700891022
2024-08-20,80.24979079706968,4212.103591330653,83.42688094811581,1,0,1438.1528346184762
2024-08-21,72.95057501226736,3156.645106701018,66.754283038,2,0,1397.3504006411133
2024-08-22,100.58529112613516,2245.2307966240146,100.8849542774668,3,0,1283.3655848970725
2024-08-23,85.17117572269251,3441.3351332436737,86.55806041248347,4,0,1350.6330937747125
2024-08-24,58.27365425842594,3864.6026968927745,65.0769472376192,5,1,1499.3416308166254
2024-08-25,80.08977103444393,2090.496002934135,73.54566903884837,6,1,1356.565094937313
2024-08-26,71.31465582733375,2654.196406101406,56.21709504822962,0,0,1229.303243970702
2024-08-27,86.1713808137614,1487.5443733477903,87.09062853752988,1,0,1156.9856369481056
2024-08-28,69.44368890998437,1724.5973981387212,78.44624481753864,2,0,1243.0935564901563
2024-08-29,75.95078781445287,3724.4714158599313,82.14551957915005,3,0,1443.0065020213392
2024-08-30,81.88477113672079,1725.7533907825077,82.93306821309392,4,0,1183.3154621452652
2024-08-31,85.23676744961566,3100.653534668241,82.77858652145542,5,1,1391.3138691528848
2024-09-01,64.32821826138522,3836.1850468897305,68.36383124457177,6,1,1380.5457004955533
2024-09-02,72.7458628167605,1427.5076923789752,67.87813181823816,0,0,1164.346622987684
2024-09-03,71.10891499590065,3269.2488785156143,73.49070384268174,1,0,1407.3824934874833
2024-09-04,69.1004405649694,2026.251134805455,71.62779136080253,2,0,1215.3095306378727
2024-09-05,93.07158135990547,4851.707500950319,98.37263089739986,3,0,1501.9767984547009
2024-09-06,79.25817049866579,2934.1825868796986,93.05647069322117,4,0,1357.2455427307732
2024-09-07,62.39890135581918,4223.970199100632,64.36098119171301,5,1,1530.4717571555366
2024-09-08,83.99388328160664,3200.906168625047,81.44906515306914,6,1,1410.62603884912
2024-09-09,95.85254401107825,1173.6501314192767,95.72467245011828,0,0,1077.5232968555406
2024-09-10,84.77960568546163,3532.6055023760896,75.93422616101604,1,0,1373.370774881883
2024-09-11,59.09353231747602,4805.613368826628,55.61996666203073,2,0,1592.8850807271717
2024-09-12,69.28553059402095,3406.4472805853247,67.23911840345544,3,0,1409.9223149189122
2024-09-13,86.64603272536068,4276.755437707161,84.02559073568771,4,0,1425.056914841798
2024-09-14,66.75773468098218,4536.825853393631,67.5195090411508,5,1,1581.3779361919385
2024-09-15,78.13863503997783,1912.31908779573,74.02653537806682,6,1,1320.6851282314485
2024-09-16,81.32133864036145,1848.1793596329067,86.9264919769838,0,0,1119.6781947536938
2024-09-17,64.18883674370667,3443.923955403967,64.18987206829766,1,0,1473.9684253007783
2024-09-18,72.75465479707849,2644.113879226819,72.70815319138542,2,0,1302.0893413944714
2024-09-19,40.83766038708131,4359.445211466882,39.198186804516716,3,0,1575.543697034537
2024-09-20,62.91557376124939,4600.092493592045,63.691527180544284,4,0,1594.0404480189673
2024-09-21,70.55160585730982,2413.6855172108726,74.67709718064799,5,1,1281.6816551449442
2024-09-22,60.526040830527236,1947.4822358979281,56.19038975197273,6,1,1288.224091807361
2024-09-23,89.26334373446953,4122.102060975447,85.97276128909324,0,0,1419.2560838348204
2024-09-24,58.58196981432279,2099.2241421925446,57.06333967043947,1,0,1253.5707985343877
2024-09-25,68.43590596475036,4290.457274054714,61.706551347384284,2,0,1578.920744267811
2024-09-26,74.10555505829923,2694.953014595051,70.00926575969174,3,0,1278.4455866515668
2024-09-27,87.18152610935765,3670.1995971658816,84.80042174163435,4,0,1364.8795685235295
2024-09-28,58.3896727657937,1382.1412553386726,62.76161866935733,5,1,1281.6542315824288
2024-09-29,84.36829900879003,3495.437298706292,85.68110565379966,6,1,1370.6996555492449
2024-09-30,72.83623185934009,2807.0707149489162,73.80418141617781,0,0,1315.2505721883983
2024-10-01,62.924930828779715,3346.4338527018963,67.17942063961958,1,0,1424.666186675139
2024-10-02,77.37604564952956,1672.0568309794537,76.68918670753257,2,0,1195.8105715797606
2024-10-03,74.76947743011479,3947.4949797767285,76.72180167975924,3,0,1440.541200172446
2024-10-04,66.80945316589286,4451.1883101729145,66.29334440123039,4,0,1485.0333190630874
2024-10-05,73.55124941653436,1866.9592003631026,74.87806116353251,5,1,1213.8699057442034
2024-10-06,69.05055504031252,1382.858222080647,66.1367617522546,6,1,1266.2643726944016
2024-10-07,74.09817074339348,1094.5543441853456,61.90408495201134,0,0,1249.00574651411
2024-10-08,79.65243956717518,3567.886001773064,78.98104375624366,1,0,1398.4038025821278
2024-10-09,88.96824856039585,3428.376144355123,96.08198924089555,2,0,1376.164323177098
2024-10-10,60.815665222680224,3186.78965085628,65.44674223388819,3,0,1431.6837723961107
2024-10-11,94.61866359191762,1927.7883844639018,99.44565101487348,4,0,1140.07498643522
2024-10-12,53.87070629917561,2563.6239836220584,60.0513599082067,5,1,1483.746718670335
2024-10-13,71.98570501223807,3377.9053407446922,72.42899296704526,6,1,1453.9355638711331
2024-10-14,79.50738673972339,2987.0674354366774,80.49396527675137,0,0,1421.2848150186762
2024-10-15,76.56344636290883,4951.142080859549,73.47518688573709,1,0,1505.3356655839377
2024-10-16,67.66446448979116,1545.7590102269326,66.08410020965592,2,0,1310.1500681710022
2024-10-17,71.9567503214829,3780.5782161903753,75.0356060703386,3,0,1472.902095677811
2024-10-18,69.26301735371231,2617.2750724171683,75.28243953955639,4,0,1350.8534768269103
2024-10-19,68.46293082051457,2712.798459702459,67.76569944210958,5,1,1396.0552070468743
2024-10-20,83.02460342581867,3870.391062632705,80.77365710156161,6,1,1458.5634685079106
2024-10-21,78.2791458172969,3769.7446052974788,78.28178561157988,0,0,1480.4427518188477
2024-10-22,67.96865751684673,4965.023974808753,70.97469126149231,1,0,1567.5830759395842
2024-10-23,84.0908158466583,1513.5771578165009,76.8715417659906,2,0,1084.8225989089758
2024-10-24,78.37312167989447,1416.4385975366654,66.89221691420828,3,0,1129.0382933085275
2024-10-25,83.64224499906321,3897.355268514965,80.88956075160529,4,0,1413.1587492437327
2024-10-26,82.03153731206088,3313.5476680256365,75.92797518249009,5,1,1432.7916413367197
2024-10-27,67.67498898509457,2096.642666239223,65.13428799685802,6,1,1321.4848642087381
2024-10-28,70.60081900331045,1317.6774759559464,69.8619174092231,0,0,1251.5146490786567
2024-10-29,83.9211884997257,1342.6329983857222,81.65494645461064,1,0,1068.8658296371896
2024-10-30,82.80544115363946,4576.7634986564735,90.06777882599319,2,0,1499.2448643836265
2024-10-31,76.75399956663415,1767.4692988749716,78.38772338964576,3,0,1132.3399694848713
2024-11-01,78.40528294558428,2293.486248462083,79.90765474363842,4,0,1310.5236737292482
2024-11-02,90.28529163547668,1906.625608907952,93.39632735569369,5,1,1255.3690418977417
2024-11-03,71.8771234120436,2419.9852233277493,66.18295782313976,6,1,1369.2247741098936
2024-11-04,83.55548565402503,1277.6953709843735,88.75104459112637,0,0,1117.464417760899
2024-11-05,76.36165642699304,3076.2391636330813,75.98283499431574,1,0,1418.8738500922095
2024-11-06,76.51315305435983,1270.4502543688595,79.8655561405659,2,0,1226.104952531109
2024-11-07,89.99133906385455,4201.426031289446,84.63205289865378,3,0,1469.3371401518298
2024-11-08,87.57847297152477,1934.848327641732,79.80967914144445,4,0,1211.8520244779515
2024-11-09,87.78718630697288,3160.0476584180424,91.87663459709803,5,1,1419.4232574926152
2024-11-10,93.04160597513977,4520.316350245833,94.92365360562735,6,1,1480.6037946749364
2024-11-11,80.53843567563528,3603.5094761887767,76.02817790384773,0,0,1442.0518592186427
2024-11-12,87.49625960738378,3131.831146205341,83.1479442010103,1,0,1420.6646401219625
2024-11-13,77.92904812497127,2297.3350124615026,83.55622204704513,2,0,1327.4059329951672
2024-11-14,84.63491608675979,2332.0076522327918,78.68785662242314,3,0,1227.4508095593892
2024-11-15,80.45980593825006,3677.9478207927605,88.67317070452987,4,0,1424.9460360664311
2024-11-16,83.10552116778625,4976.55744488467,78.60241749454691,5,1,1516.787624964962
2024-11-17,88.46769011440148,3647.3567593975145,91.65964974244339,6,1,1466.4198112697322
2024-11-18,74.7205950219368,3231.1336694801,73.07750264319188,0,0,1396.2023475472633
2024-11-19,104.21936879116896,3922.602040956984,107.23530594658068,1,0,1290.3306495367524
2024-11-20,73.63391533979892,2860.822449134873,70.91334532922795,2,0,1280.7252220382713
2024-11-21,71.95658009688275,1240.569370403141,71.14261556652127,3,0,1165.9868320093603
2024-11-22,96.08961927668754,3249.1872635116392,96.29421515366614,4,0,1317.6965004407477
2024-11-23,92.8407306656562,4830.501138021521,87.82979338674883,5,1,1486.8948056998993
2024-11-24,91.58632392675291,1701.2117694306385,95.29044565385354,6,1,1256.3974655571672
2024-11-25,92.05491009691181,3760.019563282663,89.48884226455388,0,0,1404.4658165814683
2024-11-26,86.08050054314799,1803.734754636226,84.9375009664479,1,0,1198.4990177784007
2024-11-27,77.66699711086021,3143.310737892325,72.69525023781765,2,0,1321.207504559594
2024-11-28,87.83909201882875,1386.7057985868785,75.0274237248522,3,0,1215.4277521418585
2024-11-29,80.75574030056225,2801.4837450327404,79.80060148756141,4,0,1401.4072495565642
2024-11-30,97.72954198483357,4024.6533155809843,109.79261909289815,5,1,1432.8281733961044
2024-12-01,86.96330383157047,2390.2860969559283,90.88632527106058,6,1,1284.4936561747108
2024-12-02,80.6388525951843,3659.6468979488723,80.54255069651234,0,0,1429.2473678751187
2024-12-03,86.14419383714716,4181.799843158917,84.82973969110581,1,0,1427.990127654248
2024-12-04,93.95574084776973,4708.711277917811,94.06807031182997,2,0,1475.98978606308
2024-12-05,84.66156554882248,1938.568327421814,87.39716112469853,3,0,1261.51635923077
2024-12-06,82.55286578646601,2597.2636632372323,76.64880170992178,4,0,1199.1528303754267
2024-12-07,93.69193644229642,1609.6640533216696,99.26354491564078,5,1,1289.4976486902076
2024-12-08,94.18832146473119,4969.934008633501,97.7652280419374,6,1,1562.2507841503548
2024-12-09,87.15627212389658,4708.003871697181,90.74720075243626,0,0,1475.9131856938159
2024-12-10,88.00568447687093,3159.8285211222383,90.19806317091957,1,0,1335.5097754474095
2024-12-11,95.53010394622528,4368.133177505685,95.62818723469523,2,0,1443.874577609144
2024-12-12,79.22532849502947,3083.8319090881687,82.58963467486358,3,0,1263.3724687465117
2024-12-13,80.13098781824684,3494.342752011039,83.09005848695372,4,0,1463.919210937272
2024-12-14,87.52337847894333,1356.4977284640665,85.75317492423821,5,1,1212.669297502051
2024-12-15,93.07814013279273,4021.0816819872316,90.21013126830822,6,1,1488.1019944555064
2024-12-16,98.82892767671788,1510.8539345409392,99.33820915302782,0,0,1201.0050266293604
2024-12-17,110.98295683201766,4304.270521010114,118.7280575894936,1,0,1357.4030155589612
2024-12-18,105.31768798457963,4128.112350681544,99.12215260631012,2,0,1425.8494540507568
2024-12-19,95.65540953097505,3834.9787909719057,88.31778320221285,3,0,1378.805005490301
2024-12-20,97.58019276380027,1144.6415220990484,98.40399696998286,4,0,1161.6423054431289
2024-12-21,88.26232853949357,2212.5134237813145,88.51676704877366,5,1,1188.3653142815695
2024-12-22,98.621315391251,2052.4502796433717,99.48802371310305,6,1,1253.0476821697716
2024-12-23,96.44009158016034,2440.5456298860763,97.65985756970284,0,0,1221.0333470390888
2024-12-24,103.0753504581869,1350.5709870553542,101.95933918501288,1,0,1150.5195453208694
2024-12-25,92.09844661478589,4747.8312921242505,99.5477638077963,2,0,1514.0884453512635
2024-12-26,106.08776501430137,3215.208962849505,98.0832451219188,3,0,1273.9640715152466
2024-12-27,116.74603348369435,2222.097242632094,112.60354835979312,4,0,1153.1089640870184
2024-12-28,100.85603580827024,2587.9260682971335,100.339762007525,5,1,1301.5472667853064
2024-12-29,106.4862435156936,2788.810162019343,98.27029945992277,6,1,1271.0764178047866
2024-12-30,109.8963987348867,3402.377333442469,109.01712671272635,0,0,1362.5441206470798
2024-12-31,99.50877750005219,3062.717710785991,107.81612832869229,1,0,1288.7938560561224
2025-01-01,106.28796861658675,4677.567892857669,106.39240105806657,2,0,1309.8314410865112
2025-01-02,104.69891485338569,2987.853931623321,105.8524193819791,3,0,1270.6464606244704
2025-01-03,106.07543166862227,4968.632059293251,99.77460784275937,4,0,1432.785151549882
2025-01-04,97.89383287466619,4405.699830980383,94.8120258344688,5,1,1413.2185265756586
2025-01-05,106.39372020468514,1834.0420574293432,104.51773830306546,6,1,1158.7454334224356
2025-01-06,111.6525645378277,4722.380858575665,110.06398905404653,0,0,1454.4033803735597
2025-01-07,121.70710419103476,1465.4655915419044,128.1153231660536,1,0,1169.5643921845324
2025-01-08,117.31043435553484,4269.798833964766,120.09888965916046,2,0,1408.0182383786562
2025-01-09,129.77042861908893,2522.4931739063204,124.21313883440376,3,0,1162.3832907416672
2025-01-10,101.08467515507127,4511.897281780279,102.31719904723128,4,0,1471.8155876264204
2025-01-11,117.99942189874662,4472.226760429801,120.49053064123055,5,1,1438.2693167345374
2025-01-12,111.62606799958823,4223.701600470485,117.32681319219456,6,1,1414.3880055897148
2025-01-13,132.20532748662518,4160.121745228245,140.10803091946704,0,0,1293.883386137925
2025-01-14,102.7370339806026,2218.716556392163,97.66156302146327,1,0,1128.806147340425
2025-01-15,102.93343679696872,1323.6771322050088,98.87914924091703,2,0,1107.0046542985913
2025-01-16,105.84513870692278,2611.9207150606458,99.5572494123497,3,0,1257.4044685882254
2025-01-17,91.106141931295,1694.0980599460347,89.93604263576009,4,0,1182.3663386312692
2025-01-18,107.59106025661411,3779.804355609847,109.92285212884579,5,1,1391.9999686503886
2025-01-19,105.75812640497885,2384.398906151142,110.69479898792436,6,1,1229.6363347703173
2025-01-20,115.35141943223091,4902.44080343966,114.9716643140183,0,0,1489.9535510637527
2025-01-21,117.76011145655355,3563.888309381328,116.16087384027932,1,0,1255.0120120276963
2025-01-22,133.59622826655823,4289.922254537443,134.35501822780193,2,0,1400.6011646128018
2025-01-23,124.82748185404424,1530.0986909673938,120.65176734589411,3,0,1053.2440544423146
2025-01-24,110.03954427349663,4448.05792909049,120.4872378819705,4,0,1387.104942494404
2025-01-25,107.30624457475484,4691.028762053577,99.26793943916455,5,1,1431.151127525064
2025-01-26,121.68772694529683,2948.247675275744,122.61142983977545,6,1,1276.3792062926989
2025-01-27,104.0405420545701,3425.01175100391,114.1585731507183,0,0,1383.1857139151498
2025-01-28,136.02785822506692,4059.239203611982,136.0618574478669,1,0,1359.6496083332622
2025-01-29,129.9739895239709,1699.35450904165,129.02379434896343,2,0,1158.908577457625
2025-01-30,113.94993582266981,3010.2643058537697,112.16270870861769,3,0,1299.233686236734
2025-01-31,101.9681035716358,2594.6521110892527,101.06614516282376,4,0,1200.3455125391354
2025-02-01,133.09144911653766,1585.4959686489965,139.9556914899203,5,1,1125.8272374154465
2025-02-02,118.85599225555599,2470.1376891661257,107.79668269890846,6,1,1220.2918279496275
2025-02-03,132.82347817374543,1272.6892375419743,140.49064668022706,0,0,1128.1507126086585
2025-02-04,104.94009341953081,1103.2476277979479,97.82030765728008,1,0,1040.6051436194175
2025-02-05,115.32467837467175,1540.6651566192909,113.99141672849967,2,0,1168.102043382041
2025-02-06,121.79980235563652,4852.460446356696,119.65358025414321,3,0,1486.2941334298348
2025-02-07,122.64086223773188,3198.1181435800677,125.58362858658548,4,0,1366.0110999683475
2025-02-08,118.08872429650104,4863.28864461288,110.0981025370823,5,1,1479.6670862368112
2025-02-09,129.2307119862972,2729.9915133205277,131.5415753167069,6,1,1300.1538353384665
2025-02-10,112.7332337558864,2247.2645323410384,122.85478187232067,0,0,1313.3425775492733
2025-02-11,122.38714277636804,3024.5674513609765,115.57127275340399,1,0,1226.8003757366769
2025-02-12,125.40955185952373,2758.0467545316405,126.35808269757571,2,0,1148.2335593574985
2025-02-13,129.74068601538923,1422.6587370469756,126.43077512640619,3,0,988.7839999785309
2025-02-14,132.09608044469104,3563.305258760825,134.2255164756562,4,0,1327.7739664297671
2025-02-15,114.11096602671877,1864.1527300383984,114.20670491379754,5,1,1114.035830547473
2025-02-16,110.38741307540188,3478.3518195913184,107.17997853018034,6,1,1358.4444031614319
2025-02-17,138.87009652039546,3600.8043695926135,141.30945794475085,0,0,1304.2059032704185
2025-02-18,129.77474263765814,1608.0994125145926,138.79648318659184,1,0,1110.5192328176388
2025-02-19,119.31840900660436,1245.3985084426727,118.36389004796786,2,0,1107.1752760402671
2025-02-20,142.6597625133599,4123.046344273759,146.2585522241008,3,0,1338.099602190699
2025-02-21,128.6431548961507,2839.2016950772804,122.17679010679487,4,0,1290.5771503810963
2025-02-22,139.61064648853196,1232.655182021903,134.8284646044419,5,1,1046.4284061881865
2025-02-23,128.8171307884444,4979.465268679069,131.17916217784628,6,1,1456.4625083680914
2025-02-24,149.06660878344925,1231.1222439854666,156.48718892612908,0,0,986.3460345681069
2025-02-25,146.32254285262633,3780.1409154342127,148.10060959655462,1,0,1326.878596431299
2025-02-26,126.58223039397268,4934.715701053654,125.0169402413569,2,0,1485.3270387371733
2025-02-27,139.08296477015898,1956.7204168637024,139.07942179727576,3,0,1140.0673781119779
2025-02-28,136.1089596200678,1568.9974747487847,129.8569209502192,4,0,1143.8565115792392
2025-03-01,143.62193979653267,1485.5397576897155,146.64451642830952,5,1,1052.4080528070872
2025-03-02,120.55921292295197,2213.100590270382,124.97087823456901,6,1,1313.552838758691
2025-03-03,137.33410687318715,1404.1832440425867,135.07365520902175,0,0,1141.9120417434972
2025-03-04,141.3152278216194,3768.6453667765277,138.9650170828219,1,0,1331.0151808967014
2025-03-05,113.39315149740199,1249.1671925202509,114.72254264566223,2,0,1187.2203616957743
2025-03-06,119.38962648140694,3037.688512599159,117.20602780120396,3,0,1182.1584379132132
2025-03-07,111.06358836134369,4986.787415411907,110.73292528821457,4,0,1450.3291580053706
2025-03-08,128.98750741383333,4255.881078024075,139.4861163596659,5,1,1380.8479199406431
2025-03-09,139.07456720510046,3460.8777529240438,137.83943870137048,6,1,1354.0126070700705
2025-03-10,147.13212590351705,2225.0144831464468,145.34042514341093,0,0,1075.7301595275032
2025-03-11,133.05069675987966,3495.583345166554,129.81298773170386,1,0,1321.3316984637704
2025-03-12,148.78882424497488,3108.1658556466064,152.50978410247455,2,0,1281.7657442745467
2025-03-13,118.88624617222634,2704.333535561486,117.98012530613582,3,0,1267.4210062158959
2025-03-14,115.82964879289888,1522.841506960798,112.58278360129175,4,0,1134.812404293357
2025-03-15,132.4757799115885,4546.416860961866,139.08230007295356,5,1,1390.2964592279723
2025-03-16,137.03121969534163,2799.1385952852897,144.1292347179098,6,1,1213.5088718315774
2025-03-17,133.01440643896143,1778.4900472830602,130.01228861026792,0,0,1174.3011371152165
2025-03-18,112.80916038037176,2471.037403509158,103.47646062356868,1,0,1260.452869785439
2025-03-19,132.72600806519216,2656.519010115708,137.76357651437678,2,0,1198.2489089123094
2025-03-20,120.69750357026061,4310.151582267497,117.27435444146059,3,0,1368.724673797934
2025-03-21,140.55524318661315,3934.4575222456083,144.508371182427,4,0,1211.0448721957657
2025-03-22,137.63211682876036,4077.2195745653594,127.78159774020118,5,1,1328.9151028647932
2025-03-23,124.66622183412997,1044.1250577145888,129.12920852562652,6,1,1200.6510164601852
2025-03-24,129.0164782111817,2664.615992719046,122.96061856477779,0,0,1144.4058642994178
2025-03-25,123.64435849926593,2925.3766065412947,127.29817909459855,1,0,1254.7229347166515
2025-03-26,133.68224661296424,1076.7691072922266,133.7536119521464,2,0,1090.6846161630542
2025-03-27,143.924183684446,2039.2528349801369,139.15448658746277,3,0,1053.330782729007
2025-03-28,124.57038603854431,4041.15929248854,122.53520447391041,4,0,1364.2106809108195
2025-03-29,139.51414752577668,1548.4388229159963,142.94573981056018,5,1,1172.7113641155788
2025-03-30,129.20828123821133,3141.2405258103668,129.7377535037875,6,1,1306.3324561999764
2025-03-31,126.6104352917539,1860.80748806895,129.53250019411632,0,0,1276.2800310067255
2025-04-01,133.4882919312806,1048.4830985755732,143.37049485385802,1,0,954.4417630510862
2025-04-02,124.21672715603276,1964.8058303981659,116.3955190974775,2,0,1200.983555221945
2025-04-03,129.03433494491756,4903.495019640215,137.12039781976068,3,0,1423.6407452043634
2025-04-04,122.584851922153,4206.1484475319585,123.10663160976907,4,0,1414.0411486507237
2025-04-05,154.19481534726023,4838.306577284134,149.70089510564458,5,1,1447.5063846188552
2025-04-06,134.87527074186553,2951.41617570545,128.2237026131706,6,1,1238.733266231314
2025-04-07,127.49159971626402,1438.944794710014,126.54599776237885,0,0,1100.3610996614402
2025-04-08,136.58603480289588,3191.8379558947718,141.19428536251817,1,0,1153.116653413771
2025-04-09,133.27151299416974,2817.5093382398436,132.63376739228207,2,0,1245.3702828642147
2025-04-10,132.1248503691676,4377.428330958464,139.68062502040434,3,0,1388.4010556570377
2025-04-11,140.40718210350815,1392.3303231369782,133.15130365325035,4,0,1090.3516765388365
2025-04-12,141.7628001938951,2952.9645480871127,141.70235545466483,5,1,1314.6767706752785
2025-04-13,128.7961848385071,1600.1946587759371,122.5342176164415,6,1,1170.808088211065
2025-04-14,128.24778092402482,2298.70370756024,130.06594033714967,0,0,1180.7792798978883
2025-04-15,131.15153830961648,3949.4283095511987,135.585975260103,1,0,1288.5863375028223
2025-04-16,110.77029422646478,2904.072517475066,108.66648525805952,2,0,1233.2556251121243
2025-04-17,118.5164407508905,2503.553140583077,105.49537146775482,3,0,1272.659163565393
2025-04-18,147.20737326347123,2577.9051142801413,148.2021139974537,4,0,1235.1925351863706
2025-04-19,149.85006200291122,2837.7870736239465,152.03375476157876,5,1,1222.1730615409695
2025-04-20,130.7632976822233,4140.066175348227,132.7847714570318,6,1,1404.7801595330398
2025-04-21,138.86406622722848,4568.338755760938,145.04297718633924,0,0,1333.8750243719485
2025-04-22,136.04745084392437,4821.338746015714,130.69218244567912,1,0,1468.676815177095
2025-04-23,163.55187562323172,4147.6135450211805,166.95295615048397,2,0,1320.9284444402438
2025-04-24,143.77865425332647,2261.627582992051,149.74119181571635,3,0,1235.6663216157397
2025-04-25,131.11534245669893,3752.5388243461684,122.22240453666635,4,0,1269.107043662232
2025-04-26,122.64256153608899,2750.4124962215674,124.24082066568387,5,1,1260.855731599068
2025-04-27,115.9288457703519,2018.6824881842047,113.40794661531353,6,1,1231.5828534039952
2025-04-28,133.81524734313263,4363.4863177036905,133.40763397762439,0,0,1401.0426139703923
2025-04-29,123.9964304237662,1153.7053958493,125.73481284145788,1,0,1056.5942968600161
2025-04-30,117.10882081328124,4607.047968541694,114.67267799271347,2,0,1382.839100704922
2025-05-01,124.62921283963198,2845.909858498937,121.25067244382392,3,0,1279.4029366168083
2025-05-02,120.03528207738923,3548.8059072331216,120.20604416482935,4,0,1350.8667946958128
2025-05-03,147.47031077023505,3637.415688823131,142.03408107592102,5,1,1272.9872423136567
2025-05-04,139.15581366034425,4580.470962826145,133.7266880159183,6,1,1497.5076090172008
2025-05-05,129.99268045736082,3546.678728668829,133.38954687214334,0,0,1353.1924474119915
2025-05-06,144.59739011892648,3455.734339040247,138.8534199431332,1,0,1263.0934785285615
2025-05-07,130.28980892156383,1266.6081622427598,133.6213714261099,2,0,1070.0610914999502
2025-05-08,120.61418255751522,3073.632087780816,122.92713902178498,3,0,1293.8377322188467
2025-05-09,144.16197418873264,1600.6760032681666,135.53294054477965,4,0,1028.6584984365384
2025-05-10,134.01644345412927,3949.735074885942,130.628620192451,5,1,1378.4421945385398
2025-05-11,117.94448456853412,3048.887683250698,123.91503158377098,6,1,1211.3806219575426
2025-05-12,126.09625072934693,3720.9111168334134,121.19042307364853,0,0,1363.721392499794
2025-05-13,118.91933153446932,1166.6916024095372,116.59731022292239,1,0,1000.755836049922
2025-05-14,113.51667734905884,1339.168064183213,115.82698181531832,2,0,1182.0544431416536
2025-05-15,136.26899561652033,3865.293552250729,140.1859481629333,3,0,1297.4853592937097
2025-05-16,145.75741973790502,1288.3373439946936,144.49972530768255,4,0,1026.7355458271006
2025-05-17,112.32720324098342,1285.0269110610343,109.33965226752521,5,1,1122.4615893199114
2025-05-18,131.58589608659227,1048.4339009395499,138.6977453950848,6,1,1077.2696542246665
2025-05-19,119.08691036862915,4826.0055931979205,127.78140868761704,0,0,1515.3533058399355
2025-05-20,120.3531324995498,3950.0334378360276,125.24742275345878,1,0,1229.906645957749
2025-05-21,118.92552744666551,2413.0056340082565,119.35211815949063,2,0,1267.2977778119039
2025-05-22,115.82878332253837,2186.142325150621,111.78745471433373,3,0,1203.857839925071
2025-05-23,124.56739124429951,2398.812918983398,120.41516921151668,4,0,1130.3954270168801
2025-05-24,115.38053469696794,4098.614124724727,117.99310522329672,5,1,1375.3347234260748
2025-05-25,125.99696096524669,3645.4824442816575,128.0889520696901,6,1,1446.3739738580825
2025-05-26,122.3869850376373,1740.7822714698718,129.39497800236944,0,0,1082.028913074576
2025-05-27,120.09159788766392,1696.4373413363373,123.34384835034462,1,0,1071.793012828508
2025-05-28,112.99201653771287,1393.5825988535894,105.47661502891378,2,0,1170.2399539281696
2025-05-29,115.88150253017623,3641.2108788053524,121.14124061879083,3,0,1349.2857266344784
2025-05-30,128.77980542927432,4057.4906488869437,123.78950229270225,4,0,1301.2931752033257
2025-05-31,125.80698526699217,2060.185713300016,123.88712890723042,5,1,1215.2358495662484
2025-06-01,110.58955368192387,1083.7798441236512,111.84055471318234,6,1,1085.9112428665037
2025-06-02,120.92122544699309,1328.6866699057093,130.8995628959129,0,0,1146.0672860177149
2025-06-03,127.00020574762124,4871.440139380122,142.54979852764805,1,0,1486.2121506864266
2025-06-04,102.34648330850362,2181.779109909681,105.38009860418454,2,0,1240.085254315058
2025-06-05,124.02424401201999,4076.8925913525345,123.10826091841805,3,0,1377.7238241735643
2025-06-06,111.51055091999775,3498.654275417055,114.1830791624005,4,0,1414.9037319450786
2025-06-07,123.38509933109225,2527.758558611584,127.82337646046143,5,1,1255.9899735683853
2025-06-08,109.58516132272133,1822.7490487822206,107.98182319493537,6,1,1154.0108759617394
2025-06-09,98.70402771470404,1485.5456726376258,107.68008449426566,0,0,1173.62020747597
2025-06-10,100.00911629772058,3460.0518721554663,101.1594700936776,1,0,1450.2893070969612
2025-06-11,116.29381975941506,4098.535122551151,118.78253520487203,2,0,1326.5278980769924
2025-06-12,117.93550509173531,3575.6170141645225,121.26512635200761,3,0,1303.6175528982824
2025-06-13,105.8174471982995,3121.208532996633,107.92538025137178,4,0,1321.308260808137
2025-06-14,120.76603931344441,1167.804893726545,124.96074181579247,5,1,1122.5531682954786
2025-06-15,97.28172842727582,4873.955110377536,94.1954624945412,6,1,1493.7168751643362
2025-06-16,112.75040437733065,4194.856766618299,109.9588956076005,0,0,1450.0777607186922
2025-06-17,100.81291936306336,2171.288146803859,95.31214819820488,1,0,1331.5050120551223
2025-06-18,105.9143523646148,4919.881317435403,108.11185851771593,2,0,1489.9659999655062
2025-06-19,112.4142333897306,3407.5263585452885,116.30891590729117,3,0,1270.7207545882677
2025-06-20,102.84169609763853,3329.690632828986,105.13056042839796,4,0,1249.8376448349477
2025-06-21,107.10405648715657,3992.2927177181286,115.47651865389426,5,1,1447.9199578585587
2025-06-22,120.51467110363883,4247.07915236055,120.4866910094936,6,1,1488.8724401945904
2025-06-23,104.18345458794893,3625.9144293260106,107.52716286591149,0,0,1377.9829210814723
2025-06-24,117.8085745958618,1512.3829854648002,112.35007021516523,1,0,1115.5009573088137
2025-06-25,97.65266617121597,2353.0700239779935,95.71716765884396,2,0,1210.5380874659022
2025-06-26,113.74481027507493,4712.334561304198,117.22249906290381,3,0,1389.1356539443657
2025-06-27,122.35859281113706,1898.4624473754077,126.60410336485278,4,0,1186.8666254315108
2025-06-28,82.72185610242809,2488.6680953500536,81.25202136410718,5,1,1379.1116783994285
2025-06-29,98.96415171869299,2728.307531776784,98.60615545940266,6,1,1247.615960405756
2025-06-30,112.19818984048453,2757.6199587778087,104.60882110708049,0,0,1330.8575651058459
2025-07-01,103.89109271401607,3451.758329978102,102.10594670998302,1,0,1366.0972086144782
2025-07-02,109.12694969402985,4772.303350978831,113.57886551162878,2,0,1528.956167967113
2025-07-03,98.86960256829205,1962.77084733002,101.74562764882488,3,0,1131.4314921721623
2025-07-04,105.26948757808539,1486.0055052036723,107.77281618499144,4,0,1069.7703675934245
2025-07-05,102.34127706278807,1789.8819594397492,102.59014549869286,5,1,1216.8571763300338
2025-07-06,115.07080674877072,4547.699600837078,115.1061225419116,6,1,1499.7675679309261
2025-07-07,105.43276069827247,3583.2432506208243,102.13115500090524,0,0,1437.2768448118857
2025-07-08,105.76092666598154,2143.6271569566406,109.25506876699421,1,0,1238.1448080544576
2025-07-09,97.76341180881136,4263.787755874469,99.86827653075831,2,0,1418.7178881292227
2025-07-10,96.50448602063014,4445.479985453744,98.96458026059413,3,0,1400.2205661208195
2025-07-11,96.55456994148825,4386.057354761112,93.92439572815036,4,0,1506.9966242290923
2025-07-12,104.32566460332579,4675.706134558218,93.55895000396957,5,1,1460.6840129616344
2025-07-13,95.67382815657332,2008.9640806934462,101.1595917153418,6,1,1340.972179494814
2025-07-14,102.2856399129489,4020.167714985113,99.89145263290688,0,0,1383.2262591922881
2025-07-15,119.64795597254248,2842.15798909656,115.33407715232687,1,0,1324.4489905954636
2025-07-16,107.11323905035015,4367.994211560246,110.58063360992011,2,0,1456.519507558288
2025-07-17,94.65193664898896,3913.962708646453,92.69187344939331,3,0,1395.2426230945446
2025-07-18,109.43677497642281,4105.789785998899,114.73645689665592,4,0,1365.7356100557379
2025-07-19,92.8587768671365,3624.647350724286,95.94380661501998,5,1,1409.7017874708515
2025-07-20,76.07575765617628,1709.7150778788275,79.49360427217867,6,1,1290.235827094292
2025-07-21,85.89633562425557,3180.1076755877534,79.0665570682529,0,0,1350.07592112115
2025-07-22,76.79234350448276,4938.678958098033,82.85206343141476,1,0,1510.5926383974024
2025-07-23,91.51120420367893,4749.5522659884755,92.8174568598482,2,0,1483.6512476756081
2025-07-24,94.73975471417687,1172.6949431880466,92.89336901794586,3,0,1131.7188363764085
2025-07-25,110.85247373908425,1659.2592629177484,111.5694160757955,4,0,1037.7842740928656
2025-07-26,96.89334315502907,1526.9150938182477,88.01216699053748,5,1,1231.8132288112017
2025-07-27,90.97261231081907,3903.919639941182,93.01587636822242,6,1,1409.4606781366397
2025-07-28,101.00094018698904,4271.14131942778,95.85408264607868,0,0,1367.4456314085126
2025-07-29,70.14265476991775,1854.0454652426877,63.37930334070008,1,0,1160.7520196288979
2025-07-30,94.16127060712854,3023.410771807316,86.54947467603908,2,0,1224.32391107308
2025-07-31,99.06902360297599,4362.8121120447995,104.63246547792562,3,0,1370.3707888429135
2025-08-01,76.1340198852246,3931.2061790650023,72.98770291676065,4,0,1405.4015302545265
2025-08-02,101.9213308019,3168.948821967393,109.5899693514825,5,1,1460.7151774692677
2025-08-03,93.43719182526536,3361.390761835092,90.75818451000387,6,1,1372.9707087382183
2025-08-04,85.47244601096963,3033.44218766512,76.9356562230049,0,0,1341.2868320579744
2025-08-05,95.53103051637147,2190.193805275282,89.94840831662817,1,0,1247.9813888201018
2025-08-06,111.49294431363394,3260.0879714360644,117.67200241366864,2,0,1309.576167827131
2025-08-07,90.19252575561151,3755.5412082003627,89.41303486592818,3,0,1391.2968962725135
2025-08-08,90.44908504834726,4493.291663443231,87.70764856589425,4,0,1408.6663080676665
2025-08-09,82.9715780734196,3545.1654159169925,83.77166920268353,5,1,1511.1197628588206
2025-08-10,78.67046498713378,4044.486148172632,81.1793786679715,6,1,1587.46751702489
2025-08-11,95.08152241397651,1640.286539818292,100.66851649348882,0,0,1089.7326744477418
2025-08-12,77.83223409671562,2846.22989767916,85.07473024618025,1,0,1277.7570920301657
2025-08-13,86.72941228983379,1037.326479308373,84.93056906088836,2,0,1116.2833062323195
2025-08-14,80.86373767316263,1986.7154580864922,74.23349924275244,3,0,1188.7171807168143
2025-08-15,90.06267074819706,3905.8468604520194,87.99534494258069,4,0,1435.7576222216012
2025-08-16,88.24816371073234,4967.239805397454,89.54956624364678,5,1,1533.8140429979499
2025-08-17,94.93183196725357,1396.7123983488636,90.11303733620052,6,1,1308.0603792907093
2025-08-18,79.10748614458329,2605.977263445153,74.32173157010807,0,0,1361.9101837725286
2025-08-19,81.16655229977958,4200.283874796638,82.88549170752901,1,0,1468.3239844117152
2025-08-20,73.74185419118325,1816.1425385155953,73.498592433331,2,0,1285.4798586351797
2025-08-21,78.75738895208112,3220.3397972091448,78.92137392913905,3,0,1419.8142230346177
2025-08-22,86.65089756046899,3932.2851841186994,82.85842088696864,4,0,1391.7293488880198
2025-08-23,90.13218911806106,3463.941801040716,88.98018554703222,5,1,1375.3189396408513
2025-08-24,73.03199562305123,1752.0989384616646,68.4108299017097,6,1,1283.0530557485465
2025-08-25,90.64808386560789,2421.5382747429576,95.09907592123182,0,0,1303.9394659679774
2025-08-26,95.21390115344282,4135.167137941589,100.39014782706158,1,0,1430.0419314199444
2025-08-27,85.50458170666072,3216.9060565280665,76.27364239547025,2,0,1271.8316181299354
2025-08-28,99.85820109008482,1020.918454171651,95.21064678912276,3,0,1062.2342210394531
2025-08-29,73.07974725721954,4043.9630401123754,65.59710098176915,4,0,1454.5381663170797
2025-08-30,68.10595811954914,1141.2454197609563,64.85583844751466,5,1,1224.1293455207058
2025-08-31,62.50771960529098,3982.9351309249287,62.09052975633917,6,1,1621.9051827214014
2025-09-01,95.00541237029033,1809.9222406609497,87.75718627179768,0,0,1121.6820022055645
2025-09-02,86.34638012362538,4832.293920477521,81.73708105799881,1,0,1535.816093892295
2025-09-03,79.01241294284762,2471.7630052083377,73.99262608244013,2,0,1363.607130051553
2025-09-04,82.14133613500225,2307.726465352316,83.17767278199698,3,0,1380.062461536367
2025-09-05,67.86807376329736,1595.5522013297787,68.21479544847861,4,0,1203.5992014471851
2025-09-06,103.36979021331037,2222.4168619608595,99.7611024466241,5,1,1290.0735784054752
2025-09-07,80.00184554099096,4506.603047312802,80.88594990168795,6,1,1569.1446315092307
2025-09-08,79.60906501723912,4985.337350508989,76.87566459430279,0,0,1549.0896915940853
2025-09-09,85.58644722575063,2473.2381220273933,84.22817167412036,1,0,1271.208657689273
2025-09-10,82.96077588433253,2794.4425238181702,91.32803633582522,2,0,1335.3214700881542
2025-09-11,80.2197207156393,3888.283752810948,86.92202597459104,3,0,1301.776629588832
2025-09-12,69.91468035658663,4544.783121860299,63.41677417194864,4,0,1548.7524259759882
2025-09-13,82.38105118935982,3372.1773367471365,86.5297132787557,5,1,1428.7645264790924
2025-09-14,96.34200180975505,2566.1027927113173,100.398984582213,6,1,1302.8025308127083
2025-09-15,90.83983880541922,2650.487363394495,85.09852236165612,0,0,1385.712168514589
2025-09-16,93.18992161980336,3782.4725859872274,97.28380983857767,1,0,1358.1207144195882
2025-09-17,72.02689182233306,1012.8730544171148,79.71655141439582,2,0,1137.0797223437937
2025-09-18,67.13260801616802,3478.3573498393625,61.51988398494595,3,0,1513.148184061837
2025-09-19,75.6690446747782,2421.97204176543,71.08153056970689,4,0,1249.2560495844937
2025-09-20,77.39110374695156,4176.789325108337,82.47941108116908,5,1,1485.3909608701035
2025-09-21,87.69142414522364,1371.9625592925286,89.04890069935188,6,1,1204.462136467263
2025-09-22,59.7492585063749,3352.809067793562,62.506639882572514,0,0,1457.819113873084
2025-09-23,91.90257067934486,2923.891559544495,93.60551676134735,1,0,1318.9741399634254
2025-09-24,74.96894075576995,3569.3021036209097,76.92242036041067,2,0,1342.361061492938
2025-09-25,72.23097101093424,1259.4143779318733,65.59861036937883,3,0,1154.8710676149594
2025-09-26,66.33832716816933,3319.9351497125253,71.57491570127657,4,0,1368.9491389743032
2025-09-27,59.87923557135352,3245.938351838095,65.72718553349239,5,1,1450.97431177995
2025-09-28,84.63679395857481,3242.640377664684,83.48984023823468,6,1,1426.2826327808102
2025-09-29,77.12441776013796,3413.950666385819,76.90703301106865,0,0,1408.0565189127046
2025-09-30,63.4866502581032,3705.871748905449,55.83111274532459,1,0,1354.8132866719184
2025-10-01,63.43936833257659,4219.955998723079,66.01064211266576,2,0,1548.3139125851974
2025-10-02,73.04508329448544,2079.2828805128574,75.90537050305616,3,0,1274.466563762146
2025-10-03,93.11479638998901,4300.197640720248,92.80384130499246,4,0,1513.0167736717422
2025-10-04,73.8591916410279,2993.0227290538146,79.48095844038042,5,1,1423.7938059878593
2025-10-05,61.46306673552532,1308.2331165373246,59.792680580625614,6,1,1312.9633260694698
2025-10-06,74.08531513505997,1234.203716975917,76.90834476452797,0,0,1198.577006999978
2025-10-07,73.87260666618124,2336.953274784243,68.77428497272066,1,0,1353.2614019561993
2025-10-08,49.69690566386819,4139.58790844587,49.579144909497,2,0,1540.6775113177396
2025-10-09,76.1975697491124,3830.723738963663,75.32579845959822,3,0,1425.7814720759964
2025-10-10,74.51471686511292,4154.459858689626,75.64125647531762,4,0,1580.038288161081
2025-10-11,83.87844523736595,3069.0762257664373,82.03081059319916,5,1,1433.6025882159065
2025-10-12,95.5070132701988,2760.795991821962,94.84965029184046,6,1,1363.7527936920192
2025-10-13,88.39289770792338,1589.8101068251358,92.52313356513092,0,0,1118.37999443975
2025-10-14,74.55685042781165,2312.771014437246,72.37302924162057,1,0,1217.7480197149243
2025-10-15,66.30763089215806,2736.077464695501,58.274745388464666,2,0,1355.6282587923267
2025-10-16,103.24226871623601,1354.401718718469,111.99018823726311,3,0,1136.2316943277867
2025-10-17,78.24522656545876,1882.447810844845,85.1524969589112,4,0,1201.048199703151
2025-10-18,77.94525776073272,3392.9011762549553,71.48394428520463,5,1,1440.4487370846332
2025-10-19,77.72614536840393,3942.6524569567596,81.1746843946299,6,1,1568.244301361048
2025-10-20,80.11813921570756,4993.3900455717985,77.60326536295084,0,0,1573.8728498532796
2025-10-21,76.87199951232701,4732.45332537423,78.1894355889823,1,0,1462.4509080251323
2025-10-22,72.76566243507817,3570.260798140766,74.23678308014564,2,0,1405.9193135867731
2025-10-23,73.2286865304467,2684.992213176288,72.05664752886508,3,0,1281.7935242141075
2025-10-24,78.57299650378172,3544.709458832931,74.65416817584975,4,0,1377.9399570553016
2025-10-25,73.67773739506652,4142.606472320927,70.22503213348521,5,1,1496.2243891604776
2025-10-26,72.2031262034243,1473.3447636935493,67.62216662601809,6,1,1229.045944832306
2025-10-27,80.62356623054231,2639.619558785153,76.46445518939008,0,0,1239.9580548187607
2025-10-28,77.24518828748631,4359.209142542469,76.90929683723954,1,0,1475.0478036033646
2025-10-29,95.07853665300962,2535.331807732176,91.49973670745587,2,0,1235.345725624833
2025-10-30,53.78043564645599,3287.489084908746,57.19069597501909,3,0,1274.7156026978491
2025-10-31,91.46453839881539,3351.077443448793,98.90076917549503,4,0,1454.8272687723318
2025-11-01,93.27739335719507,1737.9050125345575,90.37712715034485,5,1,1291.6741972498992
2025-11-02,60.35736999258027,2448.9417666091535,61.554392495257154,6,1,1355.3644004295052
2025-11-03,77.94670825398852,2338.0451549677286,80.44513380550319,0,0,1278.8520514758259
2025-11-04,77.94898782518565,1104.7868341282592,80.30899917978202,1,0,1095.9979903965764
2025-11-05,67.88550943957983,1096.767055565421,68.26528577916027,2,0,1258.6918305679255
2025-11-06,74.48702202777775,4326.788174703093,78.20043411957637,3,0,1578.5692081534091
2025-11-07,71.47123841548279,2092.2832398912497,73.88248317888608,4,0,1274.1205335704856
2025-11-08,100.4186654105251,3072.3150649552617,94.2303532988886,5,1,1407.5707078837434
2025-11-09,92.57877372615472,2194.902294355092,96.92455404810109,6,1,1293.097020929896
2025-11-10,96.27054075724469,4762.716980461362,100.7069949435784,0,0,1416.8943445878504
2025-11-11,91.11158607368981,2037.187035463095,87.2951555527969,1,0,1200.904362950747
2025-11-12,72.95100134486599,2718.6272509557402,73.140690522104,2,0,1332.55712074444
2025-11-13,79.34964839462431,4490.921001938407,82.76629335867966,3,0,1467.66541746742
2025-11-14,89.84850544922543,4367.734267167234,88.80193635132862,4,0,1446.1437519465208
2025-11-15,73.09986376305397,1744.4056713851091,78.46475400188403,5,1,1273.6708617369472
2025-11-16,92.82387594505562,4210.5732391828415,104.64323841815242,6,1,1481.3656471349
2025-11-17,83.66964788594056,2832.7475469515707,79.73971772276565,0,0,1318.5483834481502
2025-11-18,82.7098552529857,2931.875488341421,75.80463223721684,1,0,1274.7375850083406
2025-11-19,93.95886469193393,1533.9198896637752,95.4779576699583,2,0,1129.6234521261129
2025-11-20,91.68902722292385,1322.4060550284985,95.29683974855458,3,0,1084.6333377720036
2025-11-21,84.03967440705581,3911.7572278950606,82.88534253783197,4,0,1471.9871514597046
2025-11-22,99.6512726372439,2985.844609421199,106.91757595384908,5,1,1243.999568575616
2025-11-23,77.66155848357195,2747.4028104607182,70.96852948495571,6,1,1427.0966812447741
2025-11-24,95.0512239882381,3918.032914609587,98.51581710339616,0,0,1471.0183133476246
2025-11-25,95.24789443119238,4062.051595964439,92.2185903273979,1,0,1400.600341384928
2025-11-26,86.6516463552705,1635.6326706774144,95.24853588630698,2,0,1060.1031199658355
2025-11-27,93.44376047943086,3440.900597910565,103.40633724527146,3,0,1339.1370107338305
2025-11-28,78.11157875456813,1541.416329110742,74.27829581565139,4,0,1194.709267337497
2025-11-29,100.30810639667803,4005.5003441161825,97.56032071713513,5,1,1399.4039106218165
2025-11-30,89.6686451916362,3627.820625068558,93.96658462653521,6,1,1407.6838524331713
2025-12-01,86.74484521472473,4826.458484333832,84.80919196577716,0,0,1585.6659179471014
2025-12-02,102.92102354679244,1275.8320654256847,102.69396745713125,1,0,1154.9875175640707
2025-12-03,85.85066443249072,1228.2188846050174,85.97760653520277,2,0,1104.8923538766153
2025-12-04,79.27683850445544,2128.748298772801,69.67847272346717,3,0,1174.4411943885975
2025-12-05,78.2665546064411,2046.8227349436238,78.19736587596992,4,0,1231.7982984009916
2025-12-06,100.36824893797586,1987.9151962879992,96.919610067655,5,1,1237.3821827853262
2025-12-07,81.98292950097787,4625.018322084146,79.51731538897901,6,1,1573.3459325746248
2025-12-08,112.8178701593622,1998.1847993980246,120.03603017670628,0,0,1147.416903992695
2025-12-09,74.93683140530845,2087.798904514524,68.65429693391218,1,0,1284.4812064089288
2025-12-10,113.210237228326,4037.5930496718547,117.27626316206587,2,0,1474.096532513545
2025-12-11,98.8486052893981,2798.95936980216,97.45379063773905,3,0,1322.9737775236329
2025-12-12,96.26712272569623,4106.842227820725,94.86832188321705,4,0,1415.7455519641414
2025-12-13,92.2838085955119,1261.464630257541,96.23566807577046,5,1,1182.4213222820656
2025-12-14,102.22588399080428,2950.284774693537,103.92614046364874,6,1,1322.7430527787515
2025-12-15,98.36233152152118,1134.4544007331306,101.21539650761883,0,0,1175.752822652878
2025-12-16,110.2783391506037,1250.612813821418,115.11926245326801,1,0,1073.1389307833692
2025-12-17,100.89657772361586,4625.749813377644,99.24003580769924,2,0,1463.0429613405317
2025-12-18,101.76849122358146,1556.9814844703806,98.70730755104272,3,0,1154.7210610939296
2025-12-19,97.1425670192336,3129.6827291008685,91.71681438644461,4,0,1293.593929231043
2025-12-20,100.72434268744126,2644.3824104028263,96.59729003754649,5,1,1244.366278271195
2025-12-21,104.8886711776112,2389.373305035371,119.63414330415483,6,1,1295.3087133291983
2025-12-22,85.22741892050196,4599.33338274909,91.45081682418589,0,0,1486.4283018411359
2025-12-23,89.36714232038236,1087.293587101958,82.61177048934225,1,0,1155.0070975412598
2025-12-24,110.802824626284,3655.158744702356,104.19053484256615,2,0,1317.2302098957093
2025-12-25,105.60116739369938,4853.577736854202,108.01049770229184,3,0,1535.1965038386738
2025-12-26,102.57599955051175,3240.672733847368,105.31232353740158,4,0,1275.076585223121
2025-12-27,105.1243308219493,4747.289848132367,107.86874999853612,5,1,1600.0823373702328
2025-12-28,108.94065365001187,1209.031517144095,107.66587468224338,6,1,1065.6400189229726
2025-12-29,100.59261907529473,2675.173276296646,99.96534777528024,0,0,1288.0705927069196
2025-12-30,98.73292957423064,2040.6311638482046,100.37232719502742,1,0,1230.3687913626902
2025-12-31,109.0004193750054,3923.283859922919,109.42988440647204,2,0,1334.549693845237
2026-01-01,97.78430539982114,4925.188361988987,86.68780353608346,3,0,1518.169922292307
2026-01-02,112.17655072889092,2026.1202497769912,111.02755257601494,4,0,1242.2348570079253
2026-01-03,91.59394807923321,3616.698405896298,87.33691590793164,5,1,1317.6410024634602
2026-01-04,119.4367197768613,1792.3905310389605,120.31277687140386,6,1,1215.5028539247141
2026-01-05,114.3959833328351,3261.3210182864395,129.32227834585214,0,0,1172.6765941464698
2026-01-06,112.75446442910012,2855.729946753345,114.59187275647164,1,0,1211.7808256409737
2026-01-07,120.54439682703517,4888.021318526148,118.97674839617318,2,0,1529.1716564435917
2026-01-08,127.89456075856891,3434.109090785866,132.50356826845518,3,0,1258.532685891846
2026-01-09,121.90470410874174,2398.0254883472753,124.3181435447878,4,0,1137.2991423967956
2026-01-10,93.87215483961525,1456.3831395517336,95.97262729187446,5,1,1197.997117826709
2026-01-11,100.0035768439524,1604.987314939738,103.03782981003076,6,1,1313.8868947142466
2026-01-12,107.06801529839132,1901.2677198049405,117.35073312253903,0,0,1084.4066290234102
2026-01-13,114.09222136073616,2003.866645361192,108.43777918410659,1,0,1119.6367262326796
2026-01-14,119.5211165957285,4402.464231364551,121.88927697978578,2,0,1476.0757741039795
2026-01-15,107.59826063146988,3244.8911531300996,102.96635498156219,3,0,1402.1777112269567
2026-01-16,117.23234731433232,3093.5636454974656,120.00991054604356,4,0,1269.7201087065678
2026-01-17,108.31749213069702,1459.07548747687,103.72405957326654,5,1,1117.319929359961
2026-01-18,110.26029912279698,4440.55877339774,108.17346505477155,6,1,1578.327454184638
2026-01-19,102.81038956791639,3891.257212833935,101.33493999672686,0,0,1463.2270617350207
2026-01-20,108.14341369449075,1270.6734476000063,113.0224972912143,1,0,1144.7278667591308
2026-01-21,104.35472332646466,3831.3403889190745,108.94699554617674,2,0,1333.8044747921072
2026-01-22,108.60559392480103,3174.152869370584,102.3770070425691,3,0,1297.7526320455545
2026-01-23,129.3902924819327,1326.901382987113,129.66496303693194,4,0,1065.8915492826043
2026-01-24,109.84608277216195,2833.202566114626,106.29818349841608,5,1,1330.1706562979175
2026-01-25,146.14659762243312,2938.785148520188,139.85407306905645,6,1,1324.1353915137192
2026-01-26,125.23502958428942,1663.0981606531032,124.14994433216756,0,0,1159.8106089536018
2026-01-27,122.62551489526858,4782.79258800113,121.08310095298948,1,0,1379.1594251603378
2026-01-28,112.6649707300968,4399.901485922648,124.79855316182442,2,0,1483.4850296330483
2026-01-29,128.71899745617162,3676.089349316433,130.8837965829751,3,0,1325.8275470199578
2026-01-30,116.42269044919873,2849.182244002429,109.53460294542754,4,0,1286.4261332947913
2026-01-31,123.85802272653841,2647.0621663380343,121.0341527056837,5,1,1340.3172141446566
2026-02-01,148.6931788266218,3603.893868603817,153.80009530376879,6,1,1257.4240167314608
2026-02-02,122.58156479814446,3181.7274776276217,133.02377866249407,0,0,1271.2183392311501
2026-02-03,135.48001874443563,1249.0924235275425,127.55010218324583,1,0,1027.3764772959223
2026-02-04,117.39580549173138,3050.0105950813268,107.99618356603615,2,0,1191.816477256397
2026-02-05,124.51300434661991,4225.614468931358,133.86783022347882,3,0,1390.8709370801419
2026-02-06,143.00112450484653,2836.9595103878323,144.94919539170104,4,0,1323.2715296083113
2026-02-07,119.44846150332677,1207.8263102170736,115.10699784394494,5,1,1039.8818207897662
2026-02-08,144.2622938203983,4145.112797536132,146.93543925101048,6,1,1374.3726615603432
2026-02-09,133.62954475095336,1805.4551285438974,120.45080605586897,0,0,1145.3135701062217
2026-02-10,121.33599617581072,2034.483339552155,121.35287370879652,1,0,1166.9302516864032
2026-02-11,133.68768328249172,1658.8254137291835,135.32678914670714,2,0,1092.850772182148
2026-02-12,137.48627948636823,2320.8602594859904,142.10763018405737,3,0,1092.1526488035713
2026-02-13,134.3700362936903,4027.00602275454,129.3005565322276,4,0,1345.5998668350817
2026-02-14,112.83485093357353,3077.5434380157494,113.26328674059033,5,1,1294.2464430836317
2026-02-15,121.64473659841953,1819.5250966028502,117.0176134681216,6,1,1079.1669512145186
2026-02-16,126.81367179251149,4511.3203126081635,128.09059057088308,0,0,1457.23429870148
2026-02-17,128.91090587205326,4518.327419806117,124.43417426023814,1,0,1441.9302212286073
2026-02-18,136.22186991808468,4482.313700184028,134.18136572228357,2,0,1378.3706790247875
2026-02-19,132.14549095229424,1955.184845526157,127.16641397834309,3,0,1142.6812370583123
2026-02-20,117.36169097964155,2804.9573767239526,120.61737218875983,4,0,1299.4882563488902
2026-02-21,134.85698870275655,4939.9586245635,139.14924428603987,5,1,1485.4988678897412
2026-02-22,137.4938676581581,4088.0499052399614,136.32076480837105,6,1,1429.0181329457455
2026-02-23,137.3119435030215,1108.6696849022392,137.50313347782165,0,0,1021.3689714404884
2026-02-24,142.84081038540518,1260.8183650419683,135.59785331223745,1,0,1105.9994026620836
2026-02-25,140.68403264180256,2855.725507249331,139.18564940176861,2,0,1220.243771737962
2026-02-26,137.2411744055263,4636.880823446241,136.99015132031758,3,0,1398.9083307138653
2026-02-27,132.24494640026992,3154.8071918108567,145.3489118554198,4,0,1187.4877719449444
2026-02-28,116.62680647004808,2991.250032137161,111.06697134117726,5,1,1330.2191829887054
2026-03-01,137.81490987466404,1421.8947998265223,145.13579606842623,6,1,1074.9619143586017
2026-03-02,135.8703354394123,3627.120418897176,140.85462930674132,0,0,1259.0572346844683
2026-03-03,136.77631849236295,4288.412642400902,138.17950051481364,1,0,1314.5198458395582
2026-03-04,121.55238051141075,2521.6800300302493,130.3454829323864,2,0,1155.7514953852422
2026-03-05,123.76082782873459,4102.44740370131,125.6213551917689,3,0,1468.96165486351
2026-03-06,145.3465680716341,4857.906615603246,147.29236404997374,4,0,1461.6644785164765
2026-03-07,134.65518450781013,1815.0658365107565,134.38958124272241,5,1,1258.2145897426685
2026-03-08,142.0934229435303,3093.318524778965,148.21126735562345,6,1,1214.0002556130578
2026-03-09,135.78119865490044,2148.551832338302,141.26354482395485,0,0,1146.855473419574
2026-03-10,136.00703218901572,4171.417676135357,132.87864575153466,1,0,1280.4523219752994
2026-03-11,145.29556211690937,3310.37346352463,138.69932614391553,2,0,1205.661478258791
2026-03-12,130.94727021394573,3538.329670201215,129.93236702696746,3,0,1246.0320774214013
2026-03-13,137.25560413784342,4191.656638463576,133.25541131585518,4,0,1406.6336558927487
2026-03-14,131.84995550492056,2583.8818906498195,131.5323326318438,5,1,1224.876794150053
2026-03-15,132.2976414861729,4660.360273628173,138.4848321595936,6,1,1504.8597110751723
2026-03-16,133.71231392371033,3132.11546898456,131.42580564827637,0,0,1275.992963530461
2026-03-17,139.17829549102322,1631.819291341392,138.96417858446534,1,0,1200.0072757573323
2026-03-18,132.31384309962783,3783.59647267521,132.6039567736698,2,0,1239.759749911279
2026-03-19,149.79467127616044,4173.045401753017,154.03682568718688,3,0,1380.6768596123209
2026-03-20,128.418189644445,2267.0467082701066,117.18374297452196,4,0,1227.1903350581572
2026-03-21,135.6140361459406,4428.717027995011,132.5805346721141,5,1,1372.9746886062683
2026-03-22,133.1952370965129,4624.573019063066,134.25165555791025,6,1,1496.423494536939
2026-03-23,152.16339725430555,2107.6179495112356,158.16379203643984,0,0,1123.242248593824
2026-03-24,139.75148559791603,4934.085890860888,137.29197336038501,1,0,1402.5318048925863
2026-03-25,148.1879269803958,1562.8461121950336,138.80516345018643,2,0,1018.7119829101118
2026-03-26,123.08862417634636,1808.0626736099598,126.18718140617703,3,0,1098.673546435844
2026-03-27,140.68066029503464,1736.8993569521044,137.5038483509065,4,0,1194.8192198944375
2026-03-28,146.96356218031494,4575.9588400314815,141.01522888486312,5,1,1413.7029005903923
2026-03-29,138.9383436260479,3617.1702092998476,135.81661667748176,6,1,1372.946833754462
2026-03-30,148.80969859598957,1608.4171328890916,147.88707180771033,0,0,1023.6773470135523
2026-03-31,133.0125343619012,2761.2936734733958,129.98881103921013,1,0,1171.1116513124553
2026-04-01,152.3005441144691,3461.1921002792083,141.27271382897374,2,0,1295.61736226148
2026-04-02,161.20882518297975,1333.8563399575332,165.6941561674154,3,0,943.4891730522172
2026-04-03,134.59535514008968,4529.665473629355,140.9697303464833,4,0,1363.0151486874927
2026-04-04,133.76373669773838,4214.414141766141,137.02134665443592,5,1,1405.615311334749
2026-04-05,152.73875665222135,3020.8270943065527,147.05032830009728,6,1,1252.1738262182153
2026-04-06,153.9779191672959,4868.506461036682,152.97046149755832,0,0,1369.9401435182685
2026-04-07,132.9220288076963,2671.043917100399,132.88942223154902,1,0,1221.0513231494435
2026-04-08,133.90835011863297,4936.441276145992,136.9023220664425,2,0,1460.470215168224
2026-04-09,135.2431341698351,3671.6799952145084,138.5848366134255,3,0,1333.4136084547472
2026-04-10,124.55842740491852,3538.6850930157657,120.88755841102603,4,0,1255.4614640583482
2026-04-11,128.7495757316349,1663.8195811831401,129.15955351370272,5,1,1144.6750517586045
2026-04-12,127.81908337196515,4527.711033218576,130.10548539504134,6,1,1506.8710796717744
2026-04-13,130.09816972489412,2709.9587516824604,137.37728133562794,0,0,1255.5318950971516
2026-04-14,137.3362372503575,1648.9336231299176,140.85876994948111,1,0,1021.5779152382236
2026-04-15,139.9234911066114,1050.4300799030361,143.868774543489,2,0,1042.7700207946907
2026-04-16,152.97595634149587,3239.0227345535304,153.3950894811427,3,0,1119.039098303621
2026-04-17,127.36840423920273,3109.598488490705,134.42069996522025,4,0,1258.5697854736836
2026-04-18,147.06758564089643,3877.414489476634,149.11639962069393,5,1,1438.4946285031692
2026-04-19,134.94835471274024,4561.032212071208,130.6429151618724,6,1,1388.811875918191
2026-04-20,136.4489952854758,1317.6263385721181,143.46584513610176,0,0,1017.148491011681
2026-04-21,143.53877001062628,3925.9859613614494,147.0282863733214,1,0,1343.7225451935353
2026-04-22,125.40189931152904,1749.647776390329,123.18667920588662,2,0,1047.0209032554926
2026-04-23,140.28341389487508,4432.708212628656,137.88594905787886,3,0,1331.0662419788637
2026-04-24,137.94574109536686,4276.254055446625,139.42861882107067,4,0,1381.5559802330163
2026-04-25,141.01939556889133,3163.1750199421776,143.33531954522925,5,1,1252.564418471965
2026-04-26,138.79205271783954,3840.971194493246,139.77851404599556,6,1,1344.7145146530972
2026-04-27,160.25073098196688,2257.4004527349935,161.8072743491813,0,0,1142.4478688253175
2026-04-28,129.10963592120575,2884.6715957312585,137.60942279408766,1,0,1251.3251919075424
2026-04-29,129.95838057817778,4286.547590841887,135.3160963393522,2,0,1382.0789177426034
2026-04-30,128.81033508380023,2837.0607886928556,129.76351304012536,3,0,1209.129294738183
2026-05-01,129.25250524831264,2431.193061301767,133.95905815215005,4,0,1203.117351396999
2026-05-02,128.19115947153634,2976.8497890011995,123.02853995389864,5,1,1285.1160259520593
2026-05-03,146.20524321674176,4312.997009748873,148.1948784664758,6,1,1411.779495037693
2026-05-04,148.2625373272352,2340.8321894834908,157.30906907590077,0,0,1112.71154303798
2026-05-05,128.08489781424998,1695.0463725429752,126.99466833728812,1,0,1104.2063929068204
2026-05-06,125.1962013044536,3848.056081323123,120.95803166135818,2,0,1284.9153158958045
2026-05-07,137.95392288944032,4303.912850832327,134.693478446475,3,0,1352.7330588040402
2026-05-08,127.43024699179699,1402.5499140941333,121.98208180508504,4,0,1044.844454244377
2026-05-09,138.98729351300386,1959.496451023779,135.06348397236533,5,1,1112.2727355682705
2026-05-10,134.38558134368554,1567.8879590439756,132.5330408507354,6,1,1150.9506906097959
2026-05-11,116.8902558984202,2391.7656463286667,109.86242080252698,0,0,1216.0330416289094
2026-05-12,147.20715938328019,2801.4039156216504,147.2852510530282,1,0,1224.869759543033
2026-05-13,149.368455178113,3995.305347853226,153.87984104704626,2,0,1279.237345950342
2026-05-14,124.95262174614984,3604.5903395266964,120.41384084541524,3,0,1330.9564328022077
2026-05-15,126.86768274792686,3483.714269913725,134.4641023661357,4,0,1322.175940109202
2026-05-16,133.26100377411828,2409.499786438618,135.81496421675627,5,1,1246.666661487205
2026-05-17,133.3981353751957,4365.7902123390395,138.55103830331598,6,1,1378.5000663434057
2026-05-18,136.28390006886545,2885.1486695926583,132.99472729960476,0,0,1223.4152409350943
2026-05-19,149.43917289693033,4916.419752060618,153.7117990322634,1,0,1410.970644214934
2026-05-20,127.20021558424573,3536.568553182947,121.74054608226916,2,0,1299.6153474952002
2026-05-21,120.61327763697562,1505.058966258011,125.06451514115817,3,0,1004.9554584332956
2026-05-22,114.42373536405044,3704.710248301736,115.2829320630181,4,0,1349.6480353007469
2026-05-23,120.52253535204672,2300.416061726796,123.28879145197064,5,1,1349.6230874384482
2026-05-24,127.10982158948032,3745.3087867443896,121.23184856135606,6,1,1352.3092720576292
2026-05-25,144.9903915663559,1278.564592649623,140.51504235497288,0,0,1001.4718212394844
2026-05-26,121.4670078242944,1699.5257487038375,124.45314891556133,1,0,1145.6859872073649
2026-05-27,128.47401631136245,4422.949035623145,123.73227629024144,2,0,1400.9657814629184
2026-05-28,125.65975530368252,1908.7182280940597,127.97578676417812,3,0,1199.1890704728617
2026-05-29,137.29072087917226,4348.16450097176,130.45503184687104,4,0,1297.3416005433874
2026-05-30,150.25399910875856,2117.104353817642,154.4948701720919,5,1,1197.7714497929967
2026-05-31,119.2490845204756,3571.5276402348304,113.08646794663306,6,1,1398.175698045105
2026-06-01,119.23181520498709,3776.602294039324,121.9933148933847,0,0,1332.089272146931
2026-06-02,134.13172642766773,3050.619012580212,137.25988109589773,1,0,1253.73281429877
2026-06-03,130.06854323215677,2221.242706786925,126.58468414000889,2,0,1213.4600582942967
2026-06-04,141.27194823131748,1850.5775054843843,144.18208106674112,3,0,1146.1296230872258
2026-06-05,128.19527399326313,1132.7574182497049,129.4974853099309,4,0,999.7342282347577
2026-06-06,118.3101947169753,2215.7856049628954,115.61598543601161,5,1,1275.9660804001132
2026-06-07,127.3529307080154,3612.651162125132,122.31015728763437,6,1,1353.3248245448565
2026-06-08,132.07296638844167,4753.219273793931,122.25983793007877,0,0,1414.8196995032856
2026-06-09,128.7267211956423,4484.817929052208,130.4749714321408,1,0,1394.688200064021
2026-06-10,125.12716938879167,4064.2591061412104,117.30315553198139,2,0,1348.6594223966247
2026-06-11,130.25040785179957,4153.789373013195,130.7271288490061,3,0,1414.4634964530735
2026-06-12,130.80269318971546,3659.939613903981,129.48545210930422,4,0,1300.2026770185064
2026-06-13,132.45439117694573,2041.147430264012,135.85010505413672,5,1,1133.2286542533514
2026-06-14,124.64009586794158,4628.780122823319,123.12986837049226,6,1,1443.9213277479626
2026-06-15,115.99928859947946,3682.9292476233363,114.352049667744,0,0,1345.2290834038984
2026-06-16,118.65250110954987,3241.7625239217596,122.31185463099135,1,0,1348.3319893879288
2026-06-17,128.7629176944162,1443.9578768539243,130.43820783983676,2,0,1117.0246865440017
2026-06-18,108.03865127409445,2788.222175225702,109.61943106000834,3,0,1220.2181510370292
2026-06-19,119.40278510264098,2841.433084807705,121.74912305168361,4,0,1369.5972341094332
2026-06-20,111.2887205327417,4458.25443809068,103.61085991670618,5,1,1486.4867682924835
2026-06-21,115.01377526457223,3186.592880751154,118.79771866450714,6,1,1402.4012744459217
2026-06-22,127.01337544653019,2521.6021958816386,130.0757194165982,0,0,1190.547747016242
2026-06-23,115.64083886051462,4907.201314042637,110.55742321763213,1,0,1486.1064159185069
2026-06-24,113.69381722020648,1442.8823733052627,112.47341485183547,2,0,1158.8740281160335
2026-06-25,99.12925712016477,2690.1937132477788,98.93272068202661,3,0,1331.670592672161
2026-06-26,119.68763561504274,1168.0987006856212,119.01515169303407,4,0,1130.303014107388
2026-06-27,118.17628954615049,3959.616483067721,119.84558937899315,5,1,1453.2189192181202
2026-06-28,132.84956110088194,4672.306208796603,140.00639501003786,6,1,1435.777162118191
2026-06-29,107.63416823376117,2120.1493182019576,113.04300187212532,0,0,1168.1592932548704
2026-06-30,112.39791357328302,4433.366707196484,105.83681760612599,1,0,1435.1712190892922
2026-07-01,112.19438240165731,2168.872921847591,115.30473235318755,2,0,1239.154930998498
2026-07-02,124.96904183731796,4643.080646575661,131.613708434995,3,0,1403.2339459440998
2026-07-03,107.7354981016845,4015.8476143871358,109.66954070513052,4,0,1439.3723635210638
2026-07-04,110.9727466890243,4219.6271073657545,116.42764881495414,5,1,1522.648054632836
2026-07-05,113.75586082376772,1072.026222401818,123.81721305227154,6,1,1083.8748546389754
2026-07-06,109.03779012786264,4851.241428296104,114.15633785839754,0,0,1425.2025273840711
2026-07-07,102.20275724993671,3906.683968281293,103.44930022814535,1,0,1379.2441293829888
2026-07-08,108.10413143306106,2219.0043815445333,113.32957380348482,2,0,1221.072808697791
2026-07-09,116.39658278080556,4317.578659435388,117.12102194629001,3,0,1372.7363496935752
2026-07-10,94.89319353067906,2126.0847936597197,95.01270874710383,4,0,1290.432226247971
2026-07-11,105.98732345828839,4491.015358264512,104.23025227971972,5,1,1508.330231985797
2026-07-12,97.15704883911387,1450.321561647748,104.97411563327441,6,1,1202.690410898584
2026-07-13,115.61085435979356,3814.743909843183,111.51871103008355,0,0,1278.4572060713049
2026-07-14,87.93230120168423,3162.7939065796413,95.5941398250748,1,0,1274.6239974332202
2026-07-15,97.0805348507177,1386.1378807817632,99.57985546941956,2,0,1158.5031808908311
2026-07-16,105.94940530800885,1967.575313035356,98.95287443399914,3,0,1078.2289393797762
2026-07-17,117.34215893165552,1049.6161451092592,119.18040539661263,4,0,1120.9091671298186
2026-07-18,100.54129502546631,2875.071861858023,90.0411624872082,5,1,1328.5169039162538
2026-07-19,95.16107568310267,2205.0610430400016,98.28861576725785,6,1,1442.3386014175314
2026-07-20,119.0414559687352,3393.429937191035,123.46761338368016,0,0,1416.6558943124387
2026-07-21,85.26924754649397,2188.951230834469,82.3074677682337,1,0,1239.2841745280832
2026-07-22,77.28366035927866,2199.6764460279387,77.90139883905657,2,0,1260.0834737576708
2026-07-23,103.19717420773216,3972.7727949264136,112.96796137648359,3,0,1440.6620067772785
2026-07-24,93.30491707992171,1192.5713439134138,90.77618355861202,4,0,1217.8059307273998
2026-07-25,87.64482310734367,4611.579980767949,82.35028517206067,5,1,1453.9668989903068
2026-07-26,104.47581158484711,4409.0554975647265,111.8841285971601,6,1,1392.635153319044
2026-07-27,99.36889449255133,3671.218732905626,109.1818304452053,0,0,1337.282344027741
2026-07-28,90.83242518317653,3372.8862804295372,90.85090354241576,1,0,1384.760656835294
2026-07-29,83.2163139250705,4569.209992558609,88.27362910211228,2,0,1515.3320509311
2026-07-30,104.29403716308417,1741.3207181148578,111.00141674073858,3,0,1219.03257023451
2026-07-31,101.62567726568325,1315.8766487633145,97.91325610299133,4,0,1068.3514339266994
2026-08-01,93.69033896950533,1958.0406796381524,91.263809792666,5,1,1142.6161968763608
2026-08-02,112.7112638305673,4178.3131148007615,118.86563639634097,6,1,1485.3094935840488
2026-08-03,83.11133894599016,1138.6810669059332,91.53641033953271,0,0,1106.2356151503514
2026-08-04,78.12885511973585,3331.2273403339586,80.94325942060762,1,0,1275.9406305744922
2026-08-05,86.041703465328,4981.75006476524,81.64263169781773,2,0,1533.344786843837
2026-08-06,92.08648667831616,4422.7843753501575,102.02179223681337,3,0,1497.7642485893173
2026-08-07,94.56231613689894,3085.782756174358,91.90746164783911,4,0,1313.350786737574
2026-08-08,89.30827328930808,1254.5636371465694,87.63258438345082,5,1,1173.9473978269161
2026-08-09,94.8381612576947,4325.494057542839,96.5498504301428,6,1,1484.9049716315992
2026-08-10,78.4045698970173,3395.914032708842,86.17537200059117,0,0,1364.2531253568106
2026-08-11,104.96547107588137,1459.7319882382674,109.23535095864248,1,0,1068.6399010750556
2026-08-12,89.31979719673781,1375.4291392934247,91.39412469854736,2,0,1123.1692856863451
2026-08-13,100.93349162682712,4638.50727774637,103.24993427741765,3,0,1488.0477397716736
2026-08-14,92.81286712658034,3676.801051752314,93.03044046979767,4,0,1398.1382979908958
2026-08-15,93.58419613169046,4317.147197267022,96.374893704283,5,1,1502.949317761662
2026-08-16,94.35146908263545,4515.915601129069,81.70366869416394,6,1,1463.131197854967
2026-08-17,92.77420662099833,3287.089408193289,91.29116932564934,0,0,1334.0853694705488
2026-08-18,94.37397426547174,3069.785407020165,95.58058394005565,1,0,1209.3773398489304
2026-08-19,100.89430516012037,2721.709641283961,95.13923474202284,2,0,1279.3061870024248
2026-08-20,89.23053703831253,2267.7863511644773,91.16215362737033,3,0,1319.760446430501
2026-08-21,94.02452350756826,2738.383843434847,93.00216740263765,4,0,1212.082730726243
2026-08-22,85.71300554694471,4095.5186229206256,94.49038403852217,5,1,1458.8294675322854
2026-08-23,100.69422604269612,3407.693724060526,108.5593246687704,6,1,1405.8362592561668
2026-08-24,79.21873396212463,4570.093159819384,76.88970611653382,0,0,1561.2139797790635
2026-08-25,103.68867091307214,2773.520057516751,102.93448235523867,1,0,1247.5634331105234
2026-08-26,84.98139592275867,3428.3583148750163,84.6116580947167,2,0,1338.2605231786893
2026-08-27,70.78612313373188,3525.2302123679547,68.52782575293377,3,0,1312.5046178485277
2026-08-28,86.0930954190817,3366.788649225302,87.06822033922234,4,0,1369.6645805497722
2026-08-29,77.72707655472415,3810.535092342065,73.9356662102862,5,1,1577.7031581319454
2026-08-30,92.67701939903752,1949.733873499225,87.0239427243499,6,1,1273.4872716500813
2026-08-31,77.48486578746666,3049.4551101831626,80.598421906968,0,0,1348.8618304841973
2026-09-01,79.29740355431908,1416.8992112333908,82.44505147542813,1,0,1199.1992295530501
2026-09-02,64.61965100848747,2538.0453105792503,60.5980722101875,2,0,1324.01062884352
2026-09-03,78.75557889825127,2950.6682744850577,83.23235605206428,3,0,1296.9049510389966
2026-09-04,58.81126885710118,3608.89703818189,55.65338021127452,4,0,1484.431161887872
2026-09-05,66.99036078068237,4802.124210344814,68.25618697087228,5,1,1607.5197756287043
2026-09-06,90.22083758851535,3402.6042661934234,94.32255765157763,6,1,1410.6994140389945
2026-09-07,90.27003564441512,3974.375664706239,90.10197282089655,0,0,1368.1291938178813
2026-09-08,86.47005724634307,3025.064237980811,88.74376180704874,1,0,1394.741705902133
2026-09-09,72.35733342972718,3536.4161255053255,69.77518521028932,2,0,1442.1620829577337
2026-09-10,81.36981889990085,1283.7288645350936,80.38748598276037,3,0,1137.9872067853428
2026-09-11,81.63902531060532,2017.566323367388,80.60972815620362,4,0,1288.5698243996248
2026-09-12,69.9278565114038,2447.412372820555,66.19496477870261,5,1,1330.0069823399876
2026-09-13,96.39032493988442,2889.9734200260546,95.5064541243055,6,1,1307.116517497285
2026-09-14,89.98323803785836,1182.594982009535,82.24014654353962,0,0,1100.3078662512225
2026-09-15,78.86172767267738,1560.0963902132708,76.40595893696685,1,0,1109.7327560215679
2026-09-16,81.21050701706929,2107.257231165223,79.78612955022093,2,0,1271.881828103294
2026-09-17,82.9043222056549,4886.130763604202,81.62342344317801,3,0,1431.247188032193
2026-09-18,60.290596034624166,2325.3880284122033,59.08310880527027,4,0,1250.5354192086838
2026-09-19,78.13226284432241,2928.16423244833,77.82344184502176,5,1,1282.7724971022615
2026-09-20,73.68896120540967,1784.3908509535718,76.08616879584,6,1,1276.7576780449933
2026-09-21,70.4060768076288,3443.120284303073,74.77866217829143,0,0,1395.983851801456
2026-09-22,77.53348196806658,2122.7328620638973,74.28465583382524,1,0,1240.8715116109383
2026-09-23,98.25231890399542,1827.9703137537072,92.2363146270497,2,0,1134.1635088338512
2026-09-24,86.62363512159206,3066.290513783916,81.41341306037654,3,0,1274.7700934633754
2026-09-25,74.45197440661836,1022.0231966416833,72.01595980064373,4,0,1176.5168640282604
2026-09-26,85.84697301737171,1030.6561305969012,84.08736642828916,5,1,1153.8440704395223
